code,name,market
1301,極洋,東証1部
1305,ETFTPX,東証
1306,TOPIX投,東証
1308,上場TPX,東証
1309,上証50連,東証
1310,ETF･コア30,東証
1311,TOPIX30,東証
1312,RN小型コア,東証
1313,KODEX200,東証
1314,上場新興,東証
1319,300投信,東証
1319,300投信,札証
1319,300投信,福証
1320,ETF225,東証
1321,225投信,東証
1322,上場パンタ,東証
1323,南ア40,東証
1324,RTS連動,東証
1325,ボベスパ,東証
1326,SPDRゴール,東証
1327,EASY商品,東証
1328,金連動,東証
1329,iS225,東証
1330,上場225,東証
1332,日水,東証1部
1333,マルハニチロ,東証1部
1343,REIT-ETF,東証
1344,MXSコア30,東証
1345,上場Jリート,東証
1346,MXS225,東証
1347,上場グリチ,東証
1348,MXSトピクス,東証
1349,アジア債券,東証
1352,ホウスイ,東証1部
1356,TPXベア2,東証
1357,日経ダブ,東証
1358,上場2倍,東証
1360,日経ベア2,東証
1361,iS米HY債,東証
1362,iS新興債,東証
1363,iS米国債,東証
1364,iSJPX400,東証
1365,225ダブル,東証
1366,225Dベア,東証
1367,TPXダブル,東証
1368,TPXDベア,東証
1369,DIAM225,東証
1376,カネコ種,東証1部
1377,サカタのタネ,東証1部
1379,ホクト,東証1部
1380,秋川牧園,JQスタンダード
1381,アクシーズ,JQスタンダード
1382,ホーブ,JQスタンダード
1383,ベルグアース,JQスタンダード
1384,ホクリヨウ,東証1部
1385,UBSユーロ50,東証
1386,UBS欧州,東証
1387,欧通貨圏,東証
1388,欧州小型,東証
1389,UBS英大,東証
1390,UBSアジア,東証
1391,UBSスイス,東証
1392,UBS英国,東証
1393,UBS米国,東証
1394,UBS先進,東証
1397,SMAM225,東証
1398,SMAMJリート,東証
1399,上場ボラ,東証
1400,ルーデン,JQグロース
1401,エムビーエス,東証マザーズ
1401,エムビーエス,福証Q-Board
1407,ウエストHD,JQスタンダード
1408,サムシングHD,JQグロース
1414,ショーボンド,東証1部
1417,ミライトHD,東証1部
1418,インターライフ,JQスタンダード
1419,タマホーム,東証1部
1419,タマホーム,福証
1420,サンヨーH,東証1部
1429,日本アクア,東証マザーズ
1430,ファーストコポ,東証1部
1431,エスケーホーム,福証Q-Board
1432,動力,東証TPM
1433,ベステラ,東証マザーズ
1434,JESCOHD,東証2部
1435,インベスターC,東証1部
1436,フィット,東証マザーズ
1437,ピースリビン,東証TPM
1456,225ベア,東証
1457,TPXベア,東証
1458,楽天Dブル,東証
1459,楽天Dベア,東証
1460,MXSJクオ,東証
1464,D400ダブ,東証
1465,DW400ベア,東証
1466,J400Dベア,東証
1467,J400ブル,東証
1468,J400ベア,東証
1469,400ベア2,東証
1470,J400レバ,東証
1471,J400インバ,東証
1472,J400ダブ,東証
1473,DIAMトピ,東証
1474,DIAMJ4百,東証
1475,iSTOPIX,東証
1476,iSJリート,東証
1477,iS分散,東証
1478,iS高配当,東証
1479,DW人材,東証
1480,企業価値,東証
1481,上場貢献,東証
1482,米債ヘッジ,東証
1483,iS設備,東証
1484,DIAM設備,東証
1485,MXS設備,東証
1486,上場米債,東証
1487,上米債HE,東証
1488,大和Jリート,東証
1491,中外鉱,東証2部
1514,住石HD,東証1部
1515,日鉄鉱,東証1部
1518,三井松,東証1部
1518,三井松,福証
1540,純金信託,東証
1541,純プラ信,東証
1542,純銀信託,東証
1543,純パラ信,東証
1545,NASDAQ投,東証
1546,NYダウ30,東証
1547,上場米国,東証
1548,上場チャイナ,東証
1549,上場インド,東証
1550,MXS外株,東証
1551,JASDAQ20,東証
1552,VIX短期,東証
1554,上場MS世,東証
1555,上場Aリート,東証
1557,SPDR500,東証
1559,タイSET50,東証
1560,ブルサKLCI,東証
1561,VIX中期,東証
1563,マザーズコア,東証
1566,上場EM債,東証
1567,MXSリスク5,東証
1568,TPX2倍,東証
1569,TPX-1倍,東証
1570,日経レバ,東証
1571,日経インバ,東証
1572,H株ブル,東証
1573,H株ベア,東証
1574,MXSリスク10,東証
1575,中国A300,東証
1576,南方A50,東証
1577,高配当70,東証
1578,上場225M,東証
1579,日経2倍,東証
1580,日経-1倍,東証
1581,iS先進国,東証
1582,iSエマージン,東証
1583,iSフロンティア,東証
1584,サムスンG株,東証
1585,ダイワEX-F,東証
1586,上場EX-F,東証
1587,iS米超大,東証
1588,iS米小型,東証
1589,iS米高配,東証
1590,iS米リート,東証
1591,J日経400,東証
1592,上場J400,東証
1593,MXS400,東証
1595,NZAMJリート,東証
1596,NZAMEx-F,東証
1597,MXSJリート,東証
1598,RNFIETF,東証
1599,ダイワJ400,東証
1605,国際帝石,東証1部
1606,海洋掘削,東証1部
1610,ETF･電機,東証
1612,ETF･銀行,東証
1613,電機,東証
1615,銀行,東証
1617,食品,東証
1618,エネ資源,東証
1619,建設資材,東証
1620,素材化学,東証
1621,医薬品,東証
1622,自動車,東証
1623,鉄鋼非鉄,東証
1624,機械,東証
1625,電機精密,東証
1626,情通サ他,東証
1627,電力ガス,東証
1628,運輸物流,東証
1629,商社卸売,東証
1630,小売,東証
1631,銀行・17,東証
1632,金融,東証
1633,不動産,東証
1634,ダイワ食品,東証
1635,ダイワエネ,東証
1636,ダイワ建設,東証
1637,ダイワ素材,東証
1638,ダイワ医薬,東証
1639,ダイワ自動,東証
1640,ダイワ鉄鋼,東証
1641,ダイワ機械,東証
1642,ダイワ電機,東証
1643,ダイワ情報,東証
1644,ダイワ電力,東証
1645,ダイワ運輸,東証
1646,ダイワ商社,東証
1647,ダイワ小売,東証
1648,ダイワ銀行,東証
1649,ダイワ金融,東証
1650,ダイワ不動,東証
1662,石油資源,東証1部
1663,K&Oエナジー,東証1部
1670,MXS三菱,東証
1671,WTI原油,東証
1672,金ETF,東証
1673,銀ETF,東証
1674,プラチナETF,東証
1675,パラジETF,東証
1676,キンゾクETF,東証
1677,上場外債,東証
1678,インドNIF,東証
1679,NYダウ,東証
1680,上場MSコク,東証
1681,上場MSエマ,東証
1682,白金先物,東証
1683,金先物,東証
1684,商品ETF,東証
1685,エナジーETF,東証
1686,メタルETF,東証
1687,アグリETF,東証
1688,穀物ETF,東証
1689,ガスETF,東証
1690,原油ETF,東証
1691,ガソリンETF,東証
1692,アルミETF,東証
1693,銅ETF,東証
1694,ニッケルETF,東証
1695,小麦ETF,東証
1696,コーンETF,東証
1697,大豆ETF,東証
1698,上場配当,東証
1699,野村原油,東証
1711,省電舎,東証2部
1712,ダイセキソリュ,東証1部
1716,第一カッター,JQスタンダード
1717,明豊ファシリ,JQスタンダード
1718,美樹工業,JQスタンダード
1719,安藤ハザマ,東証1部
1720,東急建設,東証1部
1721,コムシスHD,東証1部
1722,MISAWA,東証1部
1723,日本電技,JQスタンダード
1724,シンクレイヤ,JQスタンダード
1726,BRHD,東証1部
1728,ミサワ中国,JQスタンダード
1730,麻生フオーム,JQスタンダード
1734,北弘電社,札証
1736,オーテック,JQスタンダード
1737,三井エンジ,東証2部
1739,SEEDH,JQグロース
1743,コーアツ工業,東証2部
1743,コーアツ工業,福証
1757,クレアHD,東証2部
1758,太洋基礎,JQスタンダード
1762,高松G,東証1部
1764,工藤建設,東証2部
1766,東建コーポ,東証1部
1768,ソネック,東証1部
1770,藤田エンジ,JQスタンダード
1771,日本乾溜,福証
1773,YTL,東証1部外国
1775,FFE&C,東証2部
1776,三住道路,東証2部
1780,ヤマウラ,東証1部
1782,常磐開発,JQスタンダード
1783,アジアGTHD,JQスタンダード
1787,ナカボーテック,JQスタンダード
1788,三東工業,JQスタンダード
1789,山加電業,JQスタンダード
1793,大本組,JQスタンダード
1795,マサル,JQスタンダード
1798,守谷商会,JQスタンダード
1799,第一建設,JQスタンダード
1801,大成建,東証1部
1802,大林組,東証1部
1802,大林組,福証
1803,清水建,東証1部
1805,飛島建,東証1部
1807,佐藤渡辺,JQスタンダード
1808,長谷工,東証1部
1810,松井建,東証1部
1811,銭高組,東証1部
1812,鹿島,東証1部
1813,不動テトラ,東証1部
1814,大末建,東証1部
1815,鉄建建設,東証1部
1820,西松建,東証1部
1821,三住建設,東証1部
1822,大豊建,東証1部
1824,前田建,東証1部
1826,佐田建,東証1部
1827,ナカノフドー,東証1部
1828,田辺工,東証2部
1832,北海工,札証
1833,奥村組,東証1部
1835,東鉄工,東証1部
1840,土屋HD,東証2部
1840,土屋HD,札証
1841,サンユ建,JQスタンダード
1844,大盛工業,東証2部
1846,鈴縫工,東証2部
1847,イチケン,東証1部
1848,富士P･S,東証2部
1848,富士P･S,福証
1850,南海辰村,東証2部
1852,浅沼組,東証1部
1853,森組,東証2部
1860,戸田建,東証1部
1861,熊谷組,東証1部
1865,青木あす,東証1部
1866,北野建,東証1部
1867,植木組,東証1部
1868,三井ホーム,東証1部
1870,矢作建,東証1部
1871,PS三菱,東証1部
1873,日ハウスHD,東証1部
1878,大東建,東証1部
1879,新日建,東証1部
1881,NIPPO,東証1部
1881,NIPPO,札証
1882,東亜道,東証1部
1883,前田道,東証1部
1884,日道路,東証1部
1885,東亜建,東証1部
1885,東亜建,札証
1888,若築建,東証1部
1890,東洋建,東証1部
1893,五洋建,東証1部
1896,大林道,東証1部
1897,金下建,東証2部
1898,世紀東,東証1部
1899,福田組,東証1部
1904,大成温,JQスタンダード
1905,テノックス,JQスタンダード
1906,細田工,JQスタンダード
1909,日本ドライ,東証1部
1911,住友林,東証1部
1914,日基礎,東証1部
1916,日ビルド,東証1部
1919,ヤマダSXL,東証1部
1921,巴コーポ,東証1部
1921,巴コーポ,札証
1924,パナホーム,東証1部
1925,大和ハウス,東証1部
1926,ライト工,東証1部
1928,積水ハウス,東証1部
1929,日特建,東証1部
1930,北電事,東証1部
1931,日本電通,東証2部
1933,SYSKEN,東証2部
1933,SYSKEN,福証
1934,ユアテック,東証1部
1935,TTK,東証2部
1937,西電工,東証1部
1937,西電工,福証
1938,日リーテック,東証2部
1939,四電工,東証1部
1941,中電工,東証1部
1942,関電工,東証1部
1944,きんでん,東証1部
1945,東京エネシス,東証1部
1946,トーエネク,東証1部
1948,弘電社,東証2部
1949,住電設,東証1部
1950,日本電設,東証1部
1951,協エクシオ,東証1部
1952,日空調,東証1部
1954,日工営,東証1部
1956,NDS,東証1部
1959,九電工,東証1部
1959,九電工,福証
1960,サンテック,東証2部
1961,三機工,東証1部
1963,日揮,東証1部
1964,中外炉,東証1部
1965,テクノ菱和,東証2部
1966,高田工,東証2部
1966,高田工,福証
1967,ヤマト,東証1部
1968,太平電,東証1部
1969,高砂熱,東証1部
1971,ビルト工,東証2部
1972,三晃金,東証1部
1973,NESIC,東証1部
1975,朝日工,東証1部
1976,明星工,東証1部
1979,大気社,東証1部
1980,ダイダン,東証1部
1981,協和日成,JQスタンダード
1982,日比谷,東証1部
1983,東芝プラ,東証1部
1984,三信建,JQスタンダード
1987,ソルコム,東証2部
1989,北電話,東証2部
1992,神通機,JQスタンダード
1994,高橋ウォル,JQスタンダード
1997,暁飯島,JQスタンダード
1999,サイタHD,福証
2001,日本粉,東証1部
2002,日清粉G,東証1部
2003,日東富士,東証1部
2004,昭和産,東証1部
2008,増田粉,東証2部
2009,鳥越粉,東証1部
2009,鳥越粉,福証
2031,ハンセンブル,東証
2032,ハンセンベア,東証
2033,KOSPIブル,東証
2034,KOSPIベア,東証
2035,日経VI,東証
2036,金ブル,東証
2037,金ベア,東証
2038,原油ブル,東証
2039,原油ベア,東証
2040,NYダウブル,東証
2041,NYダウベア,東証
2042,マザーETN,東証
2043,アセアン50,東証
2044,米配貴族,東証
2045,シンガポルR,東証
2046,インドブル,東証
2047,インドベア,東証
2048,高配ヘッジ,東証
2049,VIXベア,東証
2053,中部飼,東証1部
2055,日和産,東証2部
2058,ヒガシマル,福証
2060,フィード･ワン,東証1部
2065,日配貴族,東証
2066,東リートETN,東証
2107,東洋糖,東証1部
2108,甜菜糖,東証1部
2109,三井製糖,東証1部
2112,塩水糖,東証1部
2114,フジ日糖,東証2部
2117,日新製糖,東証1部
2120,ネクスト,東証1部
2121,ミクシィ,東証マザーズ
2122,Iスペース,東証マザーズ
2124,JACR,東証1部
2127,M&A,東証1部
2130,メンバーズ,東証2部
2131,アコーディア,東証1部
2134,サンキャピタル,JQスタンダード
2136,ヒップ,JQスタンダード
2137,Hヴェラス,札証アンビシャス
2138,クルーズ,JQスタンダード
2139,中広,東証1部
2144,やまねM,JQグロース
2145,データリンクス,JQスタンダード
2146,UTGROUP,JQスタンダード
2148,ITM,東証マザーズ
2150,ケアネット,東証マザーズ
2151,タケエイ,東証1部
2152,幼児活動,JQスタンダード
2153,イージェイHD,東証2部
2154,トラスト･テック,東証1部
2156,セーラー広告,JQスタンダード
2157,コシダカHD,東証1部
2158,FRONTEO,東証マザーズ
2159,フルスピード,東証マザーズ
2160,ジーエヌアイ,東証マザーズ
2162,nms,JQスタンダード
2163,アルトナー,JQスタンダード
2164,地域新聞,JQグロース
2168,パソナ,東証1部
2169,CDS,東証1部
2170,LINK&M,東証1部
2172,インサイト,札証アンビシャス
2173,博展,JQグロース
2174,GCA,東証1部
2175,SMS,東証1部
2176,イナリサーチ,JQスタンダード
2178,トライステージ,東証マザーズ
2179,成学社,JQスタンダード
2180,サニーサイド,JQグロース
2181,テンプHD,東証1部
2183,リニカル,東証1部
2185,シイエム･シイ,JQスタンダード
2186,ソーバル,JQスタンダード
2191,テラ,JQスタンダード
2193,COOK,東証1部
2195,アミタHD,JQグロース
2196,エスクリ,東証1部
2198,アイ･ケイ･ケイ,東証1部
2201,森永菓,東証1部
2204,中村屋,東証1部
2206,グリコ,東証1部
2207,名糖産,東証1部
2208,ブルボン,東証2部
2209,井村屋G,東証2部
2211,不二家,東証1部
2212,山崎パン,東証1部
2215,第一パン,東証1部
2216,カンロ,東証2部
2217,モロゾフ,東証1部
2218,日糧パン,札証
2220,亀田菓,東証1部
2221,岩塚菓,JQスタンダード
2222,寿スピリッツ,東証1部
2224,コモ,JQスタンダード
2226,湖池屋,JQスタンダード
2228,シベール,JQスタンダード
2229,カルビー,東証1部
2230,GOYO,東証TPM
2264,森永乳,東証1部
2266,六甲バタ,東証1部
2267,ヤクルト,東証1部
2268,サーティワン,JQスタンダード
2269,明治HD,東証1部
2270,雪印メグ,東証1部
2270,雪印メグ,札証
2281,プリマハム,東証1部
2282,日本ハム,東証1部
2286,林兼産,東証1部
2288,丸大食,東証1部
2291,福留ハム,東証2部
2292,SFoods,東証1部
2293,滝沢ハム,JQスタンダード
2294,柿安本店,JQスタンダード
2296,伊藤米久,東証1部
2300,きょくと,JQスタンダード
2301,学情,東証1部
2303,ドーン,JQスタンダード
2304,CSSHD,JQスタンダード
2305,スタジオアリス,東証1部
2307,クロスキャット,JQスタンダード
2309,シミックHD,東証1部
2311,エプコ,JQスタンダード
2315,SJI,JQスタンダード
2317,システナ,東証1部
2321,ソフトフロントH,JQグロース
2323,fonfun,JQスタンダード
2325,NJS,東証1部
2326,デジアーツ,東証1部
2327,NSSOL,東証1部
2329,東北新社,JQスタンダード
2330,フォーサイド,JQスタンダード
2331,ALSOK,東証1部
2332,クエスト,JQスタンダード
2335,キューブシス,東証1部
2337,いちご,東証1部
2338,Fastep,東証2部
2340,極楽湯HD,JQスタンダード
2341,アルバイトタイ,JQスタンダード
2342,トランス,東証マザーズ
2344,平安レイ,JQスタンダード
2345,アイスタディ,東証2部
2349,エヌアイデイ,JQスタンダード
2351,ASJ,東証マザーズ
2352,エイジア,東証2部
2353,日駐,東証1部
2354,安川情報,東証2部
2359,コア,東証1部
2362,夢真HD,JQスタンダード
2370,MDNT,東証マザーズ
2371,カカクコム,東証1部
2372,アイロムG,東証1部
2373,ケア21,JQスタンダード
2374,セントケアHD,東証1部
2375,スリープロ,東証2部
2376,サイネックス,東証1部
2378,ルネサンス,東証1部
2379,ディップ,東証1部
2384,SBSHD,東証1部
2385,総医研,東証マザーズ
2388,ウェッジHD,JQグロース
2389,オプトHD,東証1部
2391,プラネット,JQスタンダード
2393,日本ケア,東証2部
2395,新日科学,東証1部
2397,DNAチップ,東証2部
2398,ツクイ,東証1部
2402,アマナ,東証マザーズ
2404,鉄人化,東証2部
2405,FUJIKOH,東証2部
2406,アルテHD,JQスタンダード
2408,KG情報,JQスタンダード
2410,キャリアDC,東証1部
2411,ゲンダイAG,JQスタンダード
2412,ベネ･ワン,東証2部
2413,エムスリー,東証1部
2415,ヒューマンHD,JQスタンダード
2417,ツヴァイ,東証2部
2418,ツカダGHD,東証1部
2424,ブラス,東証マザーズ
2425,ケアサービス,JQグロース
2427,アウトソシング,東証1部
2428,ウェルネット,東証1部
2429,ワールドHD,東証1部
2432,DeNA,東証1部
2433,博報堂DY,東証1部
2435,シダー,JQスタンダード
2436,共同PR,JQスタンダード
2437,シンワアート,JQスタンダード
2438,アスカネット,東証マザーズ
2440,ぐるなび,東証1部
2445,SRGタカミヤ,東証1部
2449,プラップJ,JQスタンダード
2452,CMIND,東証TPM
2453,JBR,東証1部
2454,オールアバウト,JQスタンダード
2458,夢テクノロジ,JQスタンダード
2459,アウンコンサル,東証2部
2461,ファンコミ,東証1部
2462,ライク,東証1部
2464,BBT,東証1部
2468,フュートレック,東証2部
2469,ヒビノ,JQスタンダード
2471,エスプール,JQスタンダード
2475,WDB,東証1部
2477,比較.com,東証マザーズ
2479,ジェイテック,JQグロース
2480,シスロケ,JQスタンダード
2481,タウンニュース,JQスタンダード
2483,翻訳センター,JQスタンダード
2484,夢の街,JQスタンダード
2485,ティア,東証1部
2487,CDG,東証2部
2488,日本サード,JQスタンダード
2489,アドウェイズ,東証マザーズ
2491,Vコマース,東証1部
2492,インフォマート,東証1部
2493,イーサポート,JQスタンダード
2497,UNITED,東証マザーズ
2498,ACKG,JQスタンダード
2499,日本和装,東証2部
2501,サッポロHD,東証1部
2501,サッポロHD,札証
2502,アサヒ,東証1部
2503,キリンHD,東証1部
2503,キリンHD,札証
2503,キリンHD,福証
2531,宝HD,東証1部
2533,オエノンHD,東証1部
2538,JFLA,東証2部
2540,養命酒,東証1部
2573,北海コカ,東証2部
2573,北海コカ,札証
2579,コカウエスト,東証1部
2579,コカウエスト,福証
2580,コカ･コーラEJ,東証1部
2586,フルッタフルッタ,東証マザーズ
2587,サントリーBF,東証1部
2588,Pウォーター,東証2部
2590,ダイドドリ,東証1部
2593T,伊藤園1P,東証1部
2593,伊藤園,東証1部
2594,キーコーヒー,東証1部
2597,ユニカフェ,東証1部
2599,ジャパンF,東証1部
2602,日清オイリオ,東証1部
2607,不二製油,東証1部
2608,ボーソー,東証2部
2611,攝津油,東証2部
2612,かどや,東証1部
2613,Jオイル,東証1部
2651,ローソン,東証1部
2652,マンダラケ,東証2部
2653,イオン九州,JQスタンダード
2654,アスモ,東証2部
2655,MV東北,東証2部
2656,ベクター,JQスタンダード
2659,サンエー,東証1部
2664,カワチ薬品,東証1部
2666,オートウェーブ,JQスタンダード
2667,イメージワン,JQスタンダード
2668,タビオ,東証2部
2669,カネ美食品,JQスタンダード
2670,ABCマート,東証1部
2673,夢隊,JQスタンダード
2674,ハードオフ,東証1部
2675,ダイナック,東証2部
2676,高千穂交,東証1部
2678,アスクル,東証1部
2681,ゲオHD,東証1部
2683,魚喜,東証2部
2685,アダストリア,東証1部
2686,ジーフット,東証1部
2687,シーヴイエス,東証1部
2689,カワニシHD,東証2部
2692,伊藤忠食,東証1部
2693,YKT,JQスタンダード
2694,Gテイスト,JQスタンダード
2695,くらコーポ,東証1部
2698,キャンドゥ,東証1部
2700,木徳神糧,JQスタンダード
2702,マクドナルド,JQスタンダード
2703,日本ライトン,JQスタンダード
2705,大戸屋HD,JQスタンダード
2706,ブロッコリー,JQスタンダード
2708,久世,JQスタンダード
2714,プラマテルズ,JQスタンダード
2715,エレマテック,東証1部
2719,キタムラ,東証2部
2721,JHD,JQスタンダード
2722,アイケイ,JQスタンダード
2726,パルGHD,東証1部
2729,JALUX,東証1部
2730,エディオン,東証1部
2733,あらた,東証1部
2734,サーラ,東証1部
2735,ワッツ,東証1部
2736,サダマツ,JQスタンダード
2737,トーメンデバ,東証1部
2742,ハローズ,東証1部
2743,ピクセル,JQスタンダード
2747,北雄ラッキー,JQスタンダード
2749,JPHD,東証1部
2750,石光商事,JQスタンダード
2751,テンポス,JQスタンダード
2752,フジオフード,JQスタンダード
2753,あみやき,東証1部
2754,東葛HD,JQスタンダード
2760,東エレデバ,東証1部
2761,トシンG,JQスタンダード
2762,三光MF,東証2部
2763,エフティG,JQスタンダード
2764,ひらまつ,東証1部
2767,フィールズ,東証1部
2768,双日,東証1部
2769,ヴィレッジV,JQスタンダード
2772,ゲンキー,東証1部
2773,ミューチュアル,JQスタンダード
2776,クリムゾン,JQスタンダード
2777,カッシーナ,JQスタンダード
2778,パレモ,JQスタンダード
2780,コメ兵,東証2部
2782,セリア,JQスタンダード
2784,アルフレッサHD,東証1部
2788,アップル,東証2部
2789,カルラ,JQスタンダード
2790,ナフコ,JQスタンダード
2791,大黒天,東証1部
2792,ハニーズ,東証1部
2795,プリメックス,JQスタンダード
2796,ファーマライズ,東証1部
2798,Y’S,東証2部
2801,キッコーマン,東証1部
2802,味の素,東証1部
2804,ブルドック,東証2部
2805,エスビー,東証2部
2806,ユタカフーズ,東証2部
2809,キユーピー,東証1部
2810,ハウス食G,東証1部
2811,カゴメ,東証1部
2812,焼津水,東証1部
2813,和弘食,JQスタンダード
2814,佐藤食,JQスタンダード
2815,アリアケ,東証1部
2816,ダイショー,東証2部
2818,ピエトロ,東証1部
2819,エバラ食品,東証1部
2820,やまみ,JQスタンダード
2830,アヲハタ,東証2部
2831,はごろも,東証2部
2871,ニチレイ,東証1部
2872,セイヒョー,東証2部
2874,ヨコレイ,東証1部
2875,東洋水産,東証1部
2876,JCコムサ,JQスタンダード
2877,日東ベスト,JQスタンダード
2882,イートアンド,東証1部
2883,大冷,東証1部
2884,ヨシムラフード,東証マザーズ
2892,日食品,東証2部
2894,石井食,東証2部
2897,日清食HD,東証1部
2899,永谷園HD,東証1部
2901,石垣食,JQスタンダード
2903,シノブフース,東証2部
2904,一正蒲,東証1部
2905,オーケー食,JQスタンダード
2907,あじかん,東証2部
2908,フジッコ,東証1部
2910,ロックフィール,東証1部
2911,旭松食,東証2部
2914,JT,東証1部
2915,ケンコーマヨ,東証1部
2916,仙波糖化,JQスタンダード
2917,大森屋,JQスタンダード
2918,わらべや,東証1部
2919,マルタイ,福証
2922,なとり,東証1部
2923,サトウ食品,東証2部
2924,イフジ産業,東証2部
2924,イフジ産業,福証
2925,ピックルス,東証2部
2926,篠崎屋,東証2部
2927,AFC-HD,JQスタンダード
2928,RIZAPG,札証アンビシャス
2929,ファーマフーズ,東証2部
2930,北の達人,東証1部
2930,北の達人,札証
2931,ユーグレナ,東証1部
3001,片倉,東証1部
3002,グンゼ,東証1部
3003,ヒューリック,東証1部
3004,神栄,東証1部
3010,価値開発,東証2部
3011,バナーズ,東証2部
3020,アプライド,JQスタンダード
3021,PCNET,東証2部
3022,山下医,東証1部
3023,ラサ商事,東証1部
3024,クリエイト,JQスタンダード
3028,アルペン,東証1部
3030,ハブ,JQスタンダード
3031,ラクーン,東証1部
3034,クオール,東証1部
3035,KTK,JQスタンダード
3036,アルコニックス,東証1部
3038,神戸物産,東証1部
3039,碧,東証TPM
3040,ソリトン,東証2部
3041,ビ花壇,東証2部
3042,セキュアヴェイ,JQグロース
3045,カワサキ,東証2部
3046,JIN,東証1部
3047,TRUCKONE,福証Q-Board
3048,ビックカメラ,東証1部
3050,DCM,東証1部
3053,ペッパー,東証マザーズ
3054,ハイパー,JQスタンダード
3055,ほくたけ,札証
3058,三洋堂HD,JQスタンダード
3059,ヒラキ,東証2部
3063,jGroup,東証マザーズ
3064,MonotaRO,東証1部
3065,ライフフーズ,JQスタンダード
3067,東京一番,東証1部
3068,WDI,JQスタンダード
3069,アスラポート,JQスタンダード
3070,アマガサ,JQグロース
3071,ストリーム,東証マザーズ
3073,ダイヤD,東証1部
3075,銚子丸,JQスタンダード
3076,あいHD,東証1部
3077,ホリイフード,JQスタンダード
3079,DVx,東証1部
3080,ジェーソン,JQスタンダード
3082,きちり,東証1部
3083,シーズメン,JQスタンダード
3085,ALサービスH,東証1部
3086,Jフロント,東証1部
3087,ドトル日レス,東証1部
3088,マツモトキヨシ,東証1部
3089,テクノアルファ,JQスタンダード
3091,ブロンコB,東証1部
3092,スタートトゥ,東証1部
3093,トレファク,東証1部
3094,スーパーV,JQスタンダード
3096,オーシャン,JQスタンダード
3097,物語コーポ,東証1部
3098,ココカラファイン,東証1部
3099,ミツコシイセタン,東証1部
3099,ミツコシイセタン,福証
3101,東洋紡,東証1部
3103,ユニチカ,東証1部
3104,富士紡HD,東証1部
3105,日清紡HD,東証1部
3105,日清紡HD,札証
3105,日清紡HD,福証
3106,クラボウ,東証1部
3107,ダイワボHD,東証1部
3109,シキボウ,東証1部
3110,日東紡,東証1部
3111,オーミケンシ,東証2部
3113,Oak,東証2部
3116,トヨタ紡織,東証1部
3121,マーチャント,東証2部
3123,サイボー,東証2部
3125,内外綿,東証2部
3131,シンデンハイテ,JQスタンダード
3132,マクニカ富士,東証1部
3133,海帆,東証マザーズ
3134,Hamee,東証1部
3135,マーケットエンタ,東証マザーズ
3136,エコノス,札証アンビシャス
3137,ファンデリー,東証マザーズ
3138,富士マガ,東証マザーズ
3139,ラクトJPN,東証2部
3140,イデアインター,JQグロース
3141,ウエルシアHD,東証1部
3143,オーウイル,東証2部
3148,クリエイトSDH,東証1部
3150,グリムス,JQスタンダード
3151,バイタルKSK,東証1部
3153,八洲電機,東証1部
3154,メディアスHD,東証2部
3156,UKCHD,東証1部
3157,ジューテックH,JQスタンダード
3159,丸善CHI,東証1部
3160,大光,東証2部
3161,アゼアス,東証2部
3165,フーマイエレ,JQスタンダード
3166,OCHI･HD,東証1部
3166,OCHI･HD,福証
3167,TOKAIHD,東証1部
3168,黒谷,東証2部
3169,ミサワ,東証1部
3171,MV九州,JQスタンダード
3172,ティーライフ,東証1部
3173,大阪工機,東証1部
3174,ハピネス&D,JQスタンダード
3175,APC,東証1部
3176,三洋貿易,東証1部
3177,ありがと,JQスタンダード
3178,チムニー,東証1部
3179,シュッピン,東証1部
3180,Bガレージ,東証1部
3181,買取王国,JQスタンダード
3182,オイシックス,東証マザーズ
3183,ウインパートナ,東証1部
3184,ICDA,東証2部
3185,夢展望,東証マザーズ
3186,ネクステージ,東証1部
3187,サンワカンパニ,東証マザーズ
3189,ANAP,JQスタンダード
3190,ホットマン,JQスタンダード
3191,ジョイ本田,東証1部
3192,白鳩,JQスタンダード
3193,鳥貴族,東証1部
3194,キリン堂HD,東証1部
3195,ジェネパ,東証マザーズ
3196,ホットランド,東証1部
3197,すかい,東証1部
3198,SFPダイニン,東証2部
3199,綿半HD,東証1部
3201,ニッケ,東証1部
3202,ダイトウボウ,東証1部
3204,トーア紡,東証1部
3205,ダイドリミ,東証1部
3209,カネヨウ,東証2部
3221,ヨシックス,東証1部
3222,U.S.M.H,東証1部
3223,エスエルディー,JQスタンダード
3224,Gオイスター,東証マザーズ
3226,アコモF,東証
3227,MidCity,東証
3228,三栄建築,東証1部
3230,スター･マイカ,東証2部
3231,野村不HD,東証1部
3232,三交GHD,東証1部
3234,森ヒルズ,東証
3236,プロパスト,JQスタンダード
3237,イントランス,東証マザーズ
3238,セントラル総,東証2部
3241,ウィル,東証2部
3242,アーバネット,JQスタンダード
3244,サムティ,東証1部
3245,ディア･ライフ,東証1部
3246,コーセーアールイ,東証2部
3246,コーセーアールイ,福証
3248,アールエイジ,東証マザーズ
3249,産業ファ,東証
3250,ADワークス,東証1部
3252,日商開発,東証1部
3254,プレサンス,東証1部
3258,ユニゾHD,東証1部
3261,グランディー,東証マザーズ
3261,グランディー,福証Q-Board
3264,アスコット,JQスタンダード
3266,ファンドクリG,JQスタンダード
3267,フィルカンパニ,東証マザーズ
3269,ADR,東証
3271,グロバル社,東証1部
3275,ハウスコム,JQスタンダード
3276,日本管理,東証1部
3277,サンセイランデ,東証1部
3278,ケネディレジ,東証
3279,API,東証
3280,エストラスト,東証1部
3281,GLP,東証
3282,コンフォリア,東証
3283,プロロジス,東証
3284,フージャース,東証1部
3286,トラストHD,東証マザーズ
3286,トラストHD,福証Q-Board
3287,星野RR,東証
3288,オープンハウス,東証1部
3289,東急不HD,東証1部
3290,SIAリート,東証
3291,飯田GHD,東証1部
3292,イオンリート,東証
3293,アズマハウス,JQスタンダード
3294,イーグランド,東証2部
3295,ヒューリックRE,東証
3296,日本リート,東証
3297,東武住販,JQスタンダード
3297,東武住販,福証Q-Board
3298,インベスコ,東証
3299,ムゲンエステト,東証1部
3300,AMBITION,東証マザーズ
3302,帝繊維,東証1部
3306,日本麻,東証2部
3308,日ヘルスケア,東証
3309,積水ハウスR,東証
3313,ブックオフ,東証1部
3315,日本コークス,東証1部
3316,東日システム,JQスタンダード
3317,フライングG,JQスタンダード
3318,メガネスーパ,JQスタンダード
3319,GDO,東証1部
3320,クロスプラス,東証2部
3321,ミタチ,東証1部
3322,アルファG,JQスタンダード
3323,レカム,JQスタンダード
3326,ランシステム,JQスタンダード
3328,BEENOS,東証1部
3329,東和フード,JQスタンダード
3333,あさひ,東証1部
3341,日本調剤,東証1部
3344,ワンダーCO.,JQスタンダード
3347,トラスト,東証2部
3349,コスモス薬品,東証1部
3350,RED,JQスタンダード
3352,バッファロー,JQスタンダード
3353,メディ一光,JQスタンダード
3355,クリヤマHD,東証2部
3356,テリロジー,JQスタンダード
3358,ワイエスフード,JQスタンダード
3359,タイセイ,東証マザーズ
3359,タイセイ,福証Q-Board
3360,シップHD,東証1部
3361,トーエル,東証1部
3366,一六堂,東証1部
3370,フジタコーポ,JQスタンダード
3371,ソフトクリエHD,東証1部
3372,関門海,東証2部
3374,内外テック,JQスタンダード
3375,ZOA,JQスタンダード
3376,オンリー,東証1部
3377,バイク王,東証2部
3382,7&I-HD,東証1部
3385,薬王堂,東証1部
3386,コスモ･バイオ,JQスタンダード
3387,クリレスHD,東証1部
3388,明治電機,東証1部
3390,INEST,JQスタンダード
3391,ツルハHD,東証1部
3392,デリカフーズ,東証1部
3393,スターティア,東証1部
3395,サンマルクHD,東証1部
3396,フェリシモ,東証1部
3397,トリドールHD,東証1部
3399,山岡家,JQスタンダード
3401,帝人,東証1部
3402,東レ,東証1部
3405,クラレ,東証1部
3407,旭化成,東証1部
3408,サカイオーベ,東証1部
3409,北日紡,東証2部
3415,トウキョベース,東証マザーズ
3416,ピクスタ,東証マザーズ
3417,大木ヘルケア,JQスタンダード
3418,バルニバーヒ,東証マザーズ
3420,ケーエフシー,東証2部
3421,稲葉製作,東証1部
3423,エスイー,JQスタンダード
3424,ミヤコ,JQスタンダード
3426,アトムリビン,JQスタンダード
3431,宮地エンジ,東証1部
3433,トーカロ,東証1部
3434,アルファCo,東証1部
3435,サンコーテクノ,東証2部
3436,SUMCO,東証1部
3437,特殊電極,JQスタンダード
3439,三ツ知,JQスタンダード
3440,日創プロ,福証Q-Board
3441,山王,JQスタンダード
3443,川田TECH,東証1部
3444,菊池製作,JQスタンダード
3445,RSTECH,東証1部
3451,トーセイ･リート,東証
3452,ビーロット,東証マザーズ
3453,ケネディ商,東証
3454,Fブラザース,東証1部
3455,HCM,東証
3456,TSON,東証TPM
3457,ハウスドゥ,東証1部
3458,シーアールイー,東証1部
3459,サムティレジ,東証
3460,シニアリビンク,東証
3461,パルマ,東証マザーズ
3462,NMF,東証
3463,いちごホテ,東証
3464,プロパティA,JQスタンダード
3465,ケイアイスター,東証1部
3466,ラサールロジ,東証
3467,アグレ都市,JQスタンダード
3468,スターアジア,東証
3469,デュアルタプ,JQスタンダード
3470,マリモリート,東証
3471,三井不LP,東証
3472,大江戸温,東証
3473,さくら総,東証
3474,G-FAC,東証マザーズ
3475,グッドコムA,JQスタンダード
3476,Rみらい,東証
3477,フォーライフ,東証マザーズ
3501,住江織,東証1部
3512,日フエルト,東証1部
3513,イチカワ,東証1部
3515,フジコー,JQスタンダード
3521,エコナックHD,東証1部
3524,日東網,東証1部
3526,芦森工,東証1部
3528,プロスペクト,東証2部
3529,アツギ,東証1部
3536,アクサスHD,JQスタンダード
3537,昭栄薬品,JQスタンダード
3538,ウイルプラスH,JQスタンダード
3539,JPNミート,東証2部
3540,Ciメディカル,東証TPM
3541,農総研,東証マザーズ
3542,VEGA,東証マザーズ
3543,コメダ,東証1部
3544,サツドラHD,東証1部
3544,サツドラHD,札証
3545,デファクト,東証マザーズ
3546,ダイユーリック,東証1部
3547,串カツ田中,東証マザーズ
3548,バロック,東証1部
3549,クスリのアオキ,東証1部
3550,スタジオアタオ,東証マザーズ
3551,ダイニック,東証1部
3553,共和レザ,東証1部
3556,リネットJPN,東証マザーズ
3569,セーレン,東証1部
3571,ソトー,東証1部
3577,東海染,東証1部
3578,倉庫精,東証2部
3580,小松精,東証1部
3583,オーベクス,東証2部
3591,ワコールHD,東証1部
3593,ホギメディ,東証1部
3597,自重堂,東証2部
3598,山喜,東証2部
3600,フジックス,東証2部
3604,川本産業,東証2部
3606,レナウン,東証1部
3607,クラウディア,東証1部
3608,TSIHD,東証1部
3610,はかた匠,東証TPM
3622,ネットイヤー,東証マザーズ
3623,ビリングシス,東証マザーズ
3624,アクセルマーク,東証マザーズ
3625,テックファーム,JQグロース
3626,TIS,東証1部
3627,ネオス,東証1部
3628,データHR,東証マザーズ
3630,電算システム,東証1部
3632,グリー,東証1部
3633,GMOペパ,JQスタンダード
3634,ソケッツ,東証マザーズ
3635,コーエーテクモ,東証1部
3636,三菱総研,東証1部
3639,ボルテージ,東証1部
3640,電算,東証1部
3641,パピレス,JQスタンダード
3645,メディカネット,東証マザーズ
3646,駅探,東証マザーズ
3647,ジースリーHD,東証2部
3648,AGS,東証1部
3649,ファインデクス,東証1部
3651,トライアンフ,東証TPM
3652,DMP,東証マザーズ
3653,モルフォ,東証マザーズ
3654,ヒトコム,東証1部
3655,ブレインP,東証1部
3656,KLab,東証1部
3657,ポールHD,東証1部
3658,イーブック,東証1部
3659,ネクソン,東証1部
3660,アイスタイル,東証1部
3661,エムアップ,東証1部
3662,エイチーム,東証1部
3663,アートスパーク,東証2部
3664,モブキャスト,東証マザーズ
3665,エニグモ,東証マザーズ
3666,テクノスJPN,東証1部
3667,enish,東証1部
3668,コロプラ,東証1部
3669,モバクリ,東証1部
3669,モバクリ,福証
3670,協立情報,JQスタンダード
3671,ソフトマックス,東証マザーズ
3672,オルトプラス,東証1部
3673,ブロドリーフ,東証1部
3674,オークファン,東証マザーズ
3675,クロスマーケG,東証マザーズ
3676,HUG,東証1部
3677,システム情報,JQスタンダード
3678,メディアドゥ,東証1部
3679,じげん,東証マザーズ
3680,ホットリンク,東証マザーズ
3681,ブイキューブ,東証1部
3682,エンカレッジ,東証マザーズ
3683,サイバリンクス,東証1部
3685,みんなWD,東証マザーズ
3686,DLE,東証1部
3687,フィックスタース,東証1部
3688,VOYAGE,東証1部
3689,イグニス,東証マザーズ
3690,ロックオン,東証マザーズ
3691,リアルワールド,東証マザーズ
3692,FFRI,東証マザーズ
3693,イーカムトゥルー,東証TPM
3694,オプティム,東証1部
3695,GMOリサーチ,東証マザーズ
3696,セレス,東証1部
3697,SHIFT,東証マザーズ
3698,CRI･MW,東証マザーズ
3708,特種東海,東証1部
3710,ジョルダン,JQスタンダード
3711,創通,JQスタンダード
3712,情報企画,東証2部
3719,ジェクシード,JQスタンダード
3723,ファルコム,東証マザーズ
3724,ベリサーブ,東証1部
3726,フォーシーズH,東証2部
3727,APLIX,東証マザーズ
3733,ソフトウェアサー,JQスタンダード
3734,インテアHD,東証マザーズ
3738,ティーガイア,東証1部
3741,セック,JQスタンダード
3742,ITBOOK,東証マザーズ
3744,サイオス,東証2部
3747,インタトレード,東証2部
3750,セブンシーズ,東証2部
3751,日本アG,東証1部
3753,フライトHD,東証2部
3754,エキサイト,JQスタンダード
3756,豆蔵,東証1部
3758,アエリア,JQスタンダード
3760,ケイブ,JQスタンダード
3762,テクマトリックス,東証1部
3763,プロシップ,東証2部
3765,ガンホー,東証1部
3766,システムズD,JQスタンダード
3768,リスクモンスター,東証2部
3769,GMOPG,東証1部
3770,ザッパラス,東証1部
3771,システムリサーチ,東証1部
3772,ウェルス,東証2部
3773,AMI,東証マザーズ
3774,IIJ,東証1部
3776,ブロバンタワ,JQスタンダード
3777,ジオネクスト,JQグロース
3778,さくら,東証1部
3779,J･エスコムHD,JQスタンダード
3782,DDS,東証マザーズ
3784,ヴィンクス,東証2部
3787,テクノマセマティ,東証2部
3788,GMOクラウド,東証1部
3791,IGポート,JQスタンダード
3793,ドリコム,東証マザーズ
3794,NDソフトウェア,東証2部
3796,いい生活,東証2部
3798,ULS-G,JQスタンダード
3799,キーウェア,東証2部
3800,ユニリタ,JQスタンダード
3802,エコミック,札証アンビシャス
3803,イメージINF,JQグロース
3804,システムディ,JQスタンダード
3807,フィスコ,JQグロース
3810,サイバーS,東証マザーズ
3814,アルファクスFS,JQグロース
3815,メディ工房,東証マザーズ
3816,大和コン,JQスタンダード
3817,SRAHD,東証1部
3822,Minori,東証1部
3823,アクロディア,東証マザーズ
3824,メディア5,福証Q-Board
3825,REMIX,東証マザーズ
3826,システムインテ,東証1部
3832,T&CMS,JQグロース
3834,朝日ネット,東証1部
3835,eBASE,JQスタンダード
3836,アバント,JQグロース
3837,アドソル,東証1部
3839,ODK,JQスタンダード
3840,PATH,東証マザーズ
3841,ジーダット,JQスタンダード
3842,ネクストジェン,JQグロース
3843,フリービット,東証1部
3844,コムチュア,東証1部
3845,アイフリーク,JQスタンダード
3847,パシフィックS,JQスタンダード
3848,データアプリ,JQスタンダード
3849,NTL,札証アンビシャス
3850,NTTDIM,東証マザーズ
3851,日本一S,JQスタンダード
3852,サイバーコム,東証1部
3853,インフォテリア,東証マザーズ
3854,アイル,JQグロース
3856,リアルコム,東証マザーズ
3857,ラック,JQスタンダード
3858,ユビキタス,JQスタンダード
3861,王子HD,東証1部
3863,日本紙,東証1部
3864,三菱紙,東証1部
3865,北越紀州,東証1部
3877,中越パル,東証1部
3878,巴川紙,東証1部
3880,大王紙,東証1部
3891,高度紙,JQスタンダード
3892,岡山製紙,JQスタンダード
3895,ハビックス,JQスタンダード
3896,阿波製紙,東証1部
3900,クラウドワクス,東証マザーズ
3901,マークラインズ,JQスタンダード
3902,MDV,東証1部
3903,gumi,東証1部
3904,カヤック,東証マザーズ
3905,データSEC,東証マザーズ
3906,ALBERT,東証マザーズ
3907,シリコンスタシオ,東証マザーズ
3908,コラボス,東証マザーズ
3909,ショーケースTV,東証1部
3910,エムケイシステム,JQスタンダード
3911,Aiming,東証マザーズ
3912,モバファク,東証マザーズ
3913,sMedio,東証マザーズ
3914,JIG-SAW,東証マザーズ
3915,テラスカイ,東証マザーズ
3916,DIT,東証2部
3917,アイリッジ,東証マザーズ
3918,PCIHD,東証1部
3919,パイプドH,東証1部
3920,アイビーシー,東証1部
3921,ネオジャパン,東証マザーズ
3922,PRTIMES,東証マザーズ
3923,ラクス,東証マザーズ
3924,ランドコンピ,東証2部
3925,DS,東証マザーズ
3926,オープンドア,東証1部
3927,アークン,東証マザーズ
3928,マイネット,東証マザーズ
3929,ソーシャルワイヤ,東証マザーズ
3930,はてな,東証マザーズ
3931,バリュゴルフ,東証マザーズ
3932,アカツキ,東証マザーズ
3933,チエル,JQスタンダード
3934,ベネフィットJ,東証マザーズ
3935,エディア,東証マザーズ
3936,グロバルウェ,東証マザーズ
3937,AWSHD,東証マザーズ
3938,LINE,東証1部
3939,カナミックN,東証マザーズ
3940,ノムラシステム,JQスタンダード
3941,レンゴー,東証1部
3943,大石産,福証
3944,古林紙,東証2部
3945,スパバック,東証2部
3946,トーモク,東証1部
3946,トーモク,札証
3947,ダイナパック,東証2部
3948,光ビジ,JQスタンダード
3950,ザ･パック,東証1部
3951,朝日印刷,東証2部
3953,大村紙業,JQスタンダード
3954,PAXXS,JQスタンダード
3955,イムラ封筒,東証2部
3956,国際チャート,JQスタンダード
3960,バリュデザ,東証マザーズ
3961,シルバエッグ,東証マザーズ
3962,チェンジ,東証マザーズ
3963,シンクロフード,東証マザーズ
3965,CAP,JQスタンダード
3966,ユーザベース,東証マザーズ
3967,エルテス,東証マザーズ
3968,セグエ,JQスタンダード
3969,エイトレッド,東証マザーズ
3970,イノベーション,東証マザーズ
3974,TBCSCAT,JQスタンダード
3975,AOITYOHD,東証1部
4004,昭電工,東証1部
4005,住友化,東証1部
4008,住精化,東証1部
4021,日産化,東証1部
4022,ラサ工,東証1部
4023,クレハ,東証1部
4025,多木化,東証1部
4026,神島化,東証2部
4027,テイカ,東証1部
4028,石原産,東証1部
4031,片倉コープ,東証1部
4033,日東エフシー,東証1部
4041,日曹達,東証1部
4042,東ソー,東証1部
4043,トクヤマ,東証1部
4044,セ硝子,東証1部
4045,東亜合成,東証1部
4046,大阪ソーダ,東証1部
4047,関電化,東証1部
4061,デンカ,東証1部
4062,イビデン,東証1部
4063,信越化,東証1部
4064,カーバイド,東証1部
4078,堺化学,東証1部
4080,田中化研,JQスタンダード
4082,稀元素,東証2部
4088,エア･ウォーター,東証1部
4088,エア･ウォーター,札証
4091,大陽日酸,東証1部
4092,日本化,東証1部
4093,邦アセチレン,東証2部
4094,日化産,東証2部
4095,パーカライ,東証1部
4097,高圧ガス,東証1部
4098,チタン工,東証1部
4099,四国化,東証1部
4100,戸田工,東証1部
4102,丸尾カル,東証2部
4107,伊勢化,東証2部
4109,ステラケミファ,東証1部
4112,保土谷,東証1部
4113,田岡化,東証2部
4114,日触媒,東証1部
4115,本州化,東証2部
4116,大日精,東証1部
4117,川崎化,東証2部
4118,カネカ,東証1部
4119,ピグメント,東証2部
4120,スガイ化,東証2部
4151,協和キリン,東証1部
4182,三菱ガス,東証1部
4183,三井化学,東証1部
4185,JSR,東証1部
4186,応化工,東証1部
4187,大有機,東証1部
4188,三菱ケミHD,東証1部
4189,KHネオケム,東証1部
4202,ダイセル,東証1部
4203,住友ベ,東証1部
4204,積水化,東証1部
4205,ゼオン,東証1部
4206,アイカ工,東証1部
4208,宇部興,東証1部
4208,宇部興,福証
4212,積水樹,東証1部
4215,タキロン,東証1部
4216,旭有機材,東証1部
4217,日立化成,東証1部
4218,ニチバン,東証1部
4220,リケンテクノス,東証1部
4221,大倉工,東証1部
4222,児玉化,東証2部
4224,ロンシル工,東証2部
4228,積化成,東証1部
4229,群栄化,東証1部
4231,タイガポリ,東証1部
4234,サンエー化研,JQスタンダード
4235,第一化成,JQスタンダード
4237,フジプレアム,JQスタンダード
4238,ミライアル,東証1部
4239,ポラテクノ,JQスタンダード
4240,クラスターテクノ,JQグロース
4241,アテクト,JQスタンダード
4242,タカギセイコー,JQスタンダード
4243,ニックス,JQスタンダード
4245,ダイキアクシス,東証1部
4246,DNC,東証1部
4248,竹本容器,東証2部
4272,日化薬,東証1部
4274,細谷火,JQスタンダード
4275,カーリットHD,東証1部
4282,EPS,東証1部
4284,ソルクシーズ,東証1部
4286,レッグス,東証1部
4287,ジャストプラ,JQスタンダード
4288,アズジェント,JQスタンダード
4290,PI,東証1部
4291,JIEC,東証2部
4293,セプテーニHD,JQスタンダード
4295,フェイス,東証1部
4298,プロトコーポ,JQスタンダード
4299,ハイマックス,東証1部
4301,アミューズ,東証1部
4304,Eストアー,JQスタンダード
4307,NRI,東証1部
4308,Jストリーム,東証マザーズ
4310,DI,東証1部
4312,サイバネット,東証1部
4316,ビーマップ,JQグロース
4317,レイ,JQスタンダード
4318,クイック,東証1部
4319,TAC,東証1部
4320,CEHD,東証1部
4320,CEHD,札証
4321,ケネディクス,東証1部
4323,日シス技術,東証2部
4324,電通,東証1部
4326,インテージHD,東証1部
4327,日本SHL,JQスタンダード
4331,T&Gニーズ,東証1部
4333,東邦システム,東証1部
4334,ユークス,JQスタンダード
4335,IPS,JQスタンダード
4336,クリエアナブキ,JQスタンダード
4337,ぴあ,東証1部
4341,西菱電機,東証2部
4342,セコム上信,東証2部
4343,ファンタジー,東証1部
4344,ソースネクスト,東証1部
4345,シーティーエス,東証1部
4346,ネクシィーズG,東証1部
4347,ブロメディア,JQスタンダード
4348,インフォコム,JQスタンダード
4350,メディカルシス,東証1部
4351,山田債権,JQスタンダード
4355,ロングライフ,JQスタンダード
4356,応用技術,JQスタンダード
4361,川口化,東証2部
4362,日精化,東証1部
4364,マナック,東証2部
4365,松本油,JQスタンダード
4366,ダイトーケミ,東証2部
4367,広栄化,東証2部
4368,扶桑化学,東証1部
4369,トリケミカル,JQスタンダード
4401,ADEKA,東証1部
4403,日油,東証1部
4404,ミヨシ,東証1部
4406,日理化,東証1部
4409,東邦化,東証2部
4410,ハリマ化成G,東証1部
4452,花王,東証1部
4461,一工薬,東証1部
4462,石原ケミカル,東証2部
4463,日華化学,東証1部
4464,ソフト99,東証2部
4465,ニイタカ,東証1部
4471,三洋化,東証1部
4502,武田,東証1部
4502,武田,札証
4502,武田,福証
4503,アステラス薬,東証1部
4506,大日住薬,東証1部
4507,塩野義,東証1部
4508,田辺三菱,東証1部
4512,ワカモト,東証1部
4514,あすか薬,東証1部
4516,日本新薬,東証1部
4517,ビオフェル,東証1部
4519,中外薬,東証1部
4521,科研薬,東証1部
4523,エーザイ,東証1部
4524,仁丹,東証2部
4526,理ビタミン,東証1部
4527,ロート,東証1部
4528,小野薬,東証1部
4530,久光薬,東証1部
4530,久光薬,福証
4531,有機薬,東証1部
4534,持田薬,東証1部
4536,参天薬,東証1部
4538,扶桑薬,東証1部
4539,日ケミファ,東証1部
4540,ツムラ,東証1部
4541,日医工,東証1部
4543,テルモ,東証1部
4544,みらかHD,東証1部
4547,キッセイ薬,東証1部
4548,生化学,東証1部
4549,栄研化,東証1部
4550,日水薬,東証1部
4551,鳥居薬,東証1部
4552,JCRファーマ,東証1部
4553,東和薬品,東証1部
4554,富士製薬,東証1部
4555,沢井製薬,東証1部
4556,カイノス,JQスタンダード
4557,医学生物,JQスタンダード
4558,中京医薬,JQスタンダード
4559,ゼリア新薬,東証1部
4563,アンジェスMG,東証マザーズ
4564,OTS,東証マザーズ
4565,そーせい,東証マザーズ
4568,第一三共,東証1部
4569,キョーリンHD,東証1部
4570,免疫生物,JQグロース
4571,ナノキャリア,東証マザーズ
4572,カルナバイオ,JQグロース
4574,大幸薬品,東証1部
4575,CANBAS,東証マザーズ
4576,DWTI,JQグロース
4577,ダイト,東証1部
4578,大塚HD,東証1部
4579,ラクオリア,JQグロース
4581,大正薬HD,東証1部
4582,シンバイオ,JQグロース
4583,カイオム,東証マザーズ
4584,GTS,東証マザーズ
4585,UMNファーマ,東証マザーズ
4586,メドレックス,東証マザーズ
4587,ペプチド,東証1部
4588,オンコリス,東証マザーズ
4591,リボミック,東証マザーズ
4592,サンバイオ,東証マザーズ
4593,ヘリオス,東証マザーズ
4594,グリンペプ,東証マザーズ
4595,ミズホメディ,JQスタンダード
4596,窪田製薬,東証マザーズ
4611,大日塗,東証1部
4612,日ペイントH,東証1部
4613,関西ペ,東証1部
4615,神東塗,東証1部
4616,川上塗,東証2部
4617,中国塗,東証1部
4619,日特塗,東証1部
4620,藤倉化,東証1部
4621,ロックペイント,東証2部
4623,アサヒペン,東証2部
4624,イサム塗,東証2部
4625,アトミクス,JQスタンダード
4626,太陽HD,東証1部
4627,ナトコ,JQスタンダード
4628,エスケー化研,JQスタンダード
4629,大伸化学,JQスタンダード
4631,DIC,東証1部
4633,サカタインクス,東証1部
4634,洋インキHD,東証1部
4635,東インキ,東証2部
4636,T&KTOKA,東証1部
4640,アンドール,JQスタンダード
4641,アルプス技,東証1部
4642,オリジナル設,東証2部
4644,イマジニア,JQスタンダード
4645,市進HD,JQスタンダード
4650,SDエンター,JQスタンダード
4651,サニックス,東証1部
4651,サニックス,福証
4653,ダイオーズ,東証1部
4656,サン･ライフ,JQスタンダード
4657,環境管理,JQスタンダード
4658,日本空調,東証1部
4659,エイジス,JQスタンダード
4661,OLC,東証1部
4662,フォーカスS,東証1部
4664,RSC,JQスタンダード
4665,ダスキン,東証1部
4666,パーク24,東証1部
4667,アイサンテクノロ,JQスタンダード
4668,明光ネット,東証1部
4669,ニッパンR,JQスタンダード
4671,ファルコHD,東証1部
4673,川崎地質,JQスタンダード
4674,クレスコ,東証1部
4676,フジHD,東証1部
4678,秀英,東証1部
4679,田谷,東証1部
4680,ラウンドワン,東証1部
4681,リゾートトラス,東証1部
4684,オービック,東証1部
4685,菱友システム,JQスタンダード
4686,ジャストシステ,東証1部
4687,TDCソフト,東証1部
4689,ヤフー,東証1部
4690,日パレット,JQスタンダード
4694,BML,東証1部
4695,マイスター,東証2部
4696,ワタベ,東証1部
4699,ウチダエスコ,JQスタンダード
4704,トレンド,東証1部
4705,クリップ,JQスタンダード
4707,キタック,JQスタンダード
4708,りらいあ,東証1部
4709,ID,東証1部
4712,アドアーズ,JQスタンダード
4714,リソー教育,東証1部
4716,日本オラクル,東証1部
4718,早稲アカ,東証1部
4719,アルファシステム,東証1部
4720,城南進研,JQスタンダード
4722,フューチャー,東証1部
4725,CACHD,東証1部
4726,ソフトバンテク,東証1部
4728,トーセ,東証1部
4732,ユー･エス･エス,東証1部
4733,OBC,東証1部
4734,ビーイング,JQスタンダード
4735,京進,東証2部
4736,日本ラッド,JQスタンダード
4739,CTC,東証1部
4743,ITFOR,東証1部
4745,東京個別,東証1部
4746,東計電算,東証1部
4748,構造計画,JQスタンダード
4750,ダイサン,東証2部
4751,サイバエージ,東証1部
4752,昭和システム,JQスタンダード
4754,トスネット,JQスタンダード
4755,楽天,東証1部
4760,ALPHA,JQスタンダード
4761,サクラKCS,東証2部
4762,エックスネット,東証1部
4763,クリーク&リバ,東証1部
4764,Dデザイン,JQグロース
4765,モーニングスタ,JQスタンダード
4766,ピーエイ,東証2部
4767,TOW,東証1部
4768,大塚商,東証1部
4769,インフォクリエ,JQスタンダード
4770,エルミック,東証2部
4771,エフアンドエム,JQスタンダード
4772,デジアド,JQグロース
4775,総合メディ,東証1部
4776,サイボウズ,東証1部
4777,ガーラ,JQスタンダード
4779,ソフトブレーン,東証1部
4781,日本ハウズ,東証2部
4783,日ダイナミク,JQスタンダード
4784,GMO-AP,JQスタンダード
4792,山田コンサル,JQスタンダード
4793,BSC,JQスタンダード
4800,オリコン,JQスタンダード
4801,セントラルSP,東証1部
4809,パラカ,東証1部
4812,ISID,東証1部
4813,ACCESS,東証マザーズ
4814,ネクストウェア,JQスタンダード
4816,東映アニメ,JQスタンダード
4819,Dガレージ,東証1部
4820,EMシステムズ,東証1部
4824,メディアシーク,東証マザーズ
4825,WNIウェザー,東証1部
4826,CIJ,東証1部
4827,BワンHD,福証Q-Board
4828,東洋BENG,東証1部
4829,日本エンタ,東証1部
4832,JFE-SI,東証2部
4833,ぱど,JQグロース
4834,キャリアバンク,札証
4837,シダックス,JQスタンダード
4838,Sシャワー,JQスタンダード
4839,WOWOW,東証1部
4840,トライアイズ,JQグロース
4842,USEN,JQスタンダード
4845,スカラ,東証1部
4847,インテリW,JQスタンダード
4848,フルキャストHD,東証1部
4849,エンJPN,JQスタンダード
4875,メディシノバ,JQスタンダード外国
4901,富士フイルム,東証1部
4902,コニカミノルタ,東証1部
4911,資生堂,東証1部
4912,ライオン,東証1部
4914,高砂香,東証1部
4917,マンダム,東証1部
4918,アイビー,JQスタンダード
4919,ミルボン,東証1部
4920,日本色材,JQスタンダード
4921,ファンケル,東証1部
4922,コーセー,東証1部
4923,コタ,東証1部
4924,シーズHD,東証1部
4925,HABA,JQスタンダード
4926,シーボン,東証1部
4927,ポーラオルHD,東証1部
4928,ノエビアHD,東証1部
4929,アジュバン,東証1部
4951,エステー,東証1部
4952,SDSバイオ,東証2部
4955,アグロカネシ,東証1部
4956,コニシ,東証1部
4957,ヤスハラケミカル,東証2部
4958,長谷川香,東証1部
4960,ケミプロ,東証2部
4962,互応化学,東証2部
4963,星光PMC,東証1部
4965,曽田香料,JQスタンダード
4966,上村工業,東証2部
4967,小林製薬,東証1部
4968,荒川化学,東証1部
4970,東洋合成,JQスタンダード
4971,メック,東証1部
4972,綜研化学,JQスタンダード
4973,高純度化,東証1部
4974,タカラバイオ,東証1部
4975,JCU,東証1部
4976,ドライルーブ,JQスタンダード
4977,ニッタゼラチン,東証1部
4978,リプロセル,JQグロース
4979,OATアグリオ,東証1部
4980,デクセリアルス,東証1部
4985,アース製薬,東証1部
4987,寺岡製,東証2部
4989,イハラケミカル,東証1部
4990,昭和化,東証2部
4992,北興化,東証1部
4994,大成ラミック,東証1部
4995,サンケイ化,福証
4996,クミアイ化,東証1部
4997,日農薬,東証1部
4998,フマキラー,東証2部
4999,セメダイン,東証2部
5002,昭和シェル,東証1部
5008,東亜石,東証2部
5009,富士興,東証1部
5010,日精蝋,東証2部
5011,ニチレキ,東証1部
5012,東ゼネ石,東証1部
5013,ユシロ化,東証1部
5015,BPカストロール,東証1部
5017,富士石油,東証1部
5018,MORESCO,東証1部
5019,出光興産,東証1部
5020,JX,東証1部
5021,コスモエネHD,東証1部
5101,浜ゴム,東証1部
5103,昭和HD,東証2部
5104,日化工,東証2部
5105,洋ゴム,東証1部
5108,ブリヂストン,東証1部
5108,ブリヂストン,福証
5110,住友ゴム,東証1部
5121,藤倉ゴム,東証1部
5122,オカモト,東証1部
5142,アキレス,東証1部
5161,西川ゴム,東証2部
5162,朝日ラバー,JQスタンダード
5184,ニチリン,東証2部
5185,フコク,東証1部
5186,ニッタ,東証1部
5187,クリエート,東証1部
5189,桜ゴム,東証2部
5191,住友理工,東証1部
5192,三星ベ,東証1部
5194,相模ゴム,東証2部
5195,バンドー,東証1部
5199,不二ラテ,JQスタンダード
5201,旭硝子,東証1部
5202,板硝子,東証1部
5204,石塚硝,東証1部
5208,有沢製,東証1部
5210,日山村硝,東証1部
5212,不二硝,JQスタンダード
5214,日電硝,東証1部
5216,倉元,JQスタンダード
5217,テクノクオーツ,JQスタンダード
5218,オハラ,東証1部
5232,住阪セメ,東証1部
5233,太平洋セメ,東証1部
5233,太平洋セメ,福証
5237,ノザワ,東証2部
5261,リソル,東証1部
5262,日ヒューム,東証1部
5268,旭コンクリ,東証2部
5269,日本コン,東証1部
5271,トーヨーアサノ,東証2部
5273,三谷セキ,東証1部
5277,スパンクリト,JQスタンダード
5279,日興業,JQスタンダード
5280,ヨシコン,JQスタンダード
5282,ジオスター,東証2部
5283,高見澤,JQスタンダード
5284,ヤマウ,JQスタンダード
5285,ヤマックス,JQスタンダード
5287,イトーヨーギョ,東証2部
5288,アジアパイル,東証1部
5289,ゼニス羽田,東証2部
5301,東海カ,東証1部
5302,日カーボン,東証1部
5304,SECカーボン,東証2部
5310,東洋炭素,東証1部
5331,ノリタケ,東証1部
5332,TOTO,東証1部
5332,TOTO,福証
5333,ガイシ,東証1部
5334,特殊陶,東証1部
5337,ダントーHD,東証1部
5341,アサヒ陶,東証2部
5344,MARUWA,東証1部
5351,品川リフラ,東証1部
5351,品川リフラ,札証
5352,黒崎播磨,東証1部
5352,黒崎播磨,福証
5355,ルツボ,東証2部
5357,ヨータイ,東証1部
5358,イソライト,東証1部
5363,TYK,東証1部
5367,ニッカトー,東証1部
5380,新東,JQスタンダード
5381,Mipox,JQスタンダード
5384,フジミインコ,東証1部
5386,鶴弥,東証2部
5387,チヨダウーテ,JQスタンダード
5388,クニミネ工,東証2部
5391,A&AM,東証1部
5393,ニチアス,東証1部
5395,理コランダ,東証2部
5401,新日鉄住,東証1部
5401,新日鉄住,札証
5401,新日鉄住,福証
5406,神戸鋼,東証1部
5408,中山鋼,東証1部
5410,合同鉄,東証1部
5411,JFEHD,東証1部
5413,日新製鋼,東証1部
5423,東製鉄,東証1部
5440,共英製鋼,東証1部
5444,大和工,東証1部
5445,東京鉄,東証1部
5446,北越メタル,東証2部
5449,大阪製鉄,東証1部
5451,淀川鋼,東証1部
5453,洋鋼鈑,東証1部
5456,朝日工業,JQスタンダード
5458,高砂鉄,東証2部
5463,丸一管,東証1部
5464,モリ工業,東証1部
5471,大特鋼,東証1部
5476,高周波,東証1部
5480,冶金工,東証1部
5481,山特鋼,東証1部
5482,愛知鋼,東証1部
5484,東北鋼,JQスタンダード
5486,日立金,東証1部
5491,日金属,東証1部
5541,大平金,東証1部
5542,報国鉄,JQスタンダード
5563,新日電工,東証1部
5602,栗本鉄,東証1部
5603,虹技,東証1部
5609,日鋳造,東証2部
5610,大和重,東証2部
5612,鋳鉄管,東証1部
5614,川金HD,東証2部
5631,日製鋼,東証1部
5632,菱製鋼,東証1部
5644,メタルアート,東証2部
5658,日亜鋼,東証1部
5659,日精線,東証1部
5660,神鋼線,東証2部
5695,パウダテク,JQスタンダード
5697,サンユウ,東証2部
5698,エンビプロH,東証2部
5702,大紀アルミ,東証1部
5703,日軽金HD,東証1部
5704,JMC,東証マザーズ
5706,三井金,東証1部
5707,東邦鉛,東証1部
5711,三菱マ,東証1部
5713,住友鉱,東証1部
5714,DOWA,東証1部
5714,DOWA,札証
5714,DOWA,福証
5715,古河機,東証1部
5721,S･サイエンス,東証1部
5724,アサカ理研,JQスタンダード
5726,大阪チタ,東証1部
5727,邦チタニウム,東証1部
5729,日精鉱,東証2部
5741,UACJ,東証1部
5742,NIC,JQスタンダード
5753,日伸銅,東証2部
5758,FCM,JQスタンダード
5781,東邦金,東証2部
5801,古河電,東証1部
5802,住友電,東証1部
5802,住友電,福証
5803,フジクラ,東証1部
5805,昭電線HD,東証1部
5807,東特線,東証1部
5809,タツタ線,東証1部
5815,沖電線,東証1部
5816,オーナンバ,東証2部
5817,JMACS,東証2部
5819,カナレ電気,東証1部
5820,三ッ星,JQスタンダード
5821,平河ヒューテ,東証1部
5851,リョービ,東証1部
5852,アーレスティ,東証1部
5856,東理HD,東証2部
5857,アサヒHD,東証1部
5900,ダイケン,JQスタンダード
5901,洋缶HD,東証1部
5902,ホッカンHD,東証1部
5902,ホッカンHD,札証
5903,SHINPO,JQスタンダード
5905,日カン,東証2部
5906,MK精工,JQスタンダード
5907,JFEコンテナ,東証2部
5909,コロナ,東証1部
5911,横河ブHD,東証1部
5912,OSJBHD,東証1部
5915,駒井ハルテク,東証1部
5918,滝上工,東証2部
5921,川岸工,東証2部
5922,那須鉄,東証2部
5923,高田機,東証1部
5928,アルメタックス,東証2部
5929,三和HD,東証1部
5930,文化シヤタ,東証1部
5932,三協立山,東証1部
5933,アルインコ,東証1部
5935,元旦,JQスタンダード
5936,洋シヤタ,東証1部
5938,LIXILG,東証1部
5939,大谷工業,JQスタンダード
5940,不二サッシ,東証2部
5941,中西製作,東証2部
5942,日フイルコン,東証1部
5943,ノーリツ,東証1部
5945,天龍鋸,JQスタンダード
5946,長府製,東証1部
5947,リンナイ,東証1部
5949,ユニプレス,東証1部
5950,パワーファス,東証2部
5951,ダイニチ工,東証1部
5952,アマテイ,東証2部
5953,昭和鉄,福証
5955,ヤマシナ,東証2部
5956,トーソー,東証2部
5957,日東精,東証1部
5958,三洋工,東証1部
5959,岡部,東証1部
5962,浅香工,東証2部
5964,洋刃物,東証2部
5965,フジマック,東証2部
5966,KTC,東証2部
5967,TONE,東証2部
5969,ロブテックス,東証2部
5970,ジーテクト,東証1部
5971,共和工業,JQスタンダード
5973,トーアミ,東証2部
5974,中国工,東証1部
5975,東プレ,東証1部
5976,ネツレン,東証1部
5981,東京綱,東証1部
5982,マルゼン,東証2部
5983,イワブチ,JQスタンダード
5984,兼房,東証2部
5985,サンコール,東証1部
5986,モリテック,東証1部
5987,オーネックス,JQスタンダード
5988,パイオラックス,東証1部
5989,エイチワン,東証2部
5990,スーパーツール,JQスタンダード
5991,ニッパツ,東証1部
5992,中発条,東証1部
5994,ファインシンター,東証2部
5997,協立AT,JQスタンダード
5998,アドバネクス,東証1部
5999,イハラサイエンス,JQスタンダード
6005,三浦工,東証1部
6013,タクマ,東証1部
6016,神発動,東証2部
6018,阪神燃,東証2部
6022,赤阪鉄,東証2部
6023,ダイハツデ,東証2部
6026,GMOTECH,東証マザーズ
6027,弁護士コム,東証マザーズ
6028,テクノプロHD,東証1部
6029,アトラ,東証1部
6030,アドベンチャ,東証マザーズ
6031,サイジニア,東証マザーズ
6032,インターワークス,東証1部
6033,エクストリーム,東証マザーズ
6034,MRT,東証マザーズ
6035,IRJHD,JQスタンダード
6036,KeePer技,東証1部
6037,ファーストロジ,東証1部
6038,イード,東証マザーズ
6039,動物高医,東証マザーズ
6040,日本スキー,東証マザーズ
6042,ニッキ,東証2部
6044,三機S,東証2部
6045,レントラックス,東証マザーズ
6046,リンクバル,東証マザーズ
6047,Gunosy,東証マザーズ
6048,デザインワン,東証1部
6049,イトクロ,東証マザーズ
6050,EG,東証1部
6054,リブセンス,東証1部
6055,Jマテリアル,東証1部
6058,ベクトル,東証1部
6059,ウチヤマHD,東証1部
6060,こころNT,JQスタンダード
6061,ユニバ園芸,JQスタンダード
6062,チャームケア,JQスタンダード
6063,EAJ,JQスタンダード
6064,アクトコール,東証マザーズ
6065,サクセスHD,東証1部
6066,新東京,東証TPM
6067,メディアF,東証マザーズ
6069,トレンダーズ,東証マザーズ
6070,キャリアリンク,東証1部
6071,IBJ,東証1部
6072,地盤ネットH,東証マザーズ
6073,アサンテ,東証1部
6074,JSS,JQスタンダード
6076,アメイズ,福証
6077,N･フィールド,東証1部
6078,バリューHR,東証1部
6079,エナリス,東証マザーズ
6080,M&Aキャピ,東証1部
6081,アライドアーキ,東証マザーズ
6082,ライドオンEX,東証1部
6083,ERIHD,東証1部
6084,オウチーノ,東証マザーズ
6085,アーキテクツSJ,東証マザーズ
6086,シンプロメンテ,東証マザーズ
6087,アビスト,東証1部
6088,シグマクシス,東証マザーズ
6089,ウィルG,東証1部
6090,HMT,東証マザーズ
6091,ウエスコHD,東証2部
6092,エンバイオHD,東証マザーズ
6093,エスクローAJ,東証1部
6094,フリークアウト,東証マザーズ
6095,メドピア,東証マザーズ
6096,レアジョブ,東証マザーズ
6097,日ビュホテル,東証1部
6098,リクルートHD,東証1部
6099,エラン,東証1部
6101,ツガミ,東証1部
6103,オークマ,東証1部
6104,東芝機,東証1部
6112,小島鉄,東証2部
6113,アマダHD,東証1部
6118,アイダ,東証1部
6121,滝澤鉄,東証1部
6125,岡本工,東証2部
6131,浜井産,東証2部
6134,フジキカイ,東証1部
6135,牧野フ,東証1部
6136,OSG,東証1部
6137,小池工,東証2部
6138,ダイジェト,東証1部
6140,旭ダイヤ,東証1部
6141,DMG森精,東証1部
6143,ソディック,東証1部
6144,西電機,東証2部
6144,西電機,福証
6145,日特エンシ,JQスタンダード
6146,ディスコ,東証1部
6147,ヤマザキ,JQスタンダード
6149,小田原,JQスタンダード
6150,タケダ機,JQスタンダード
6151,日東工器,東証1部
6155,高松機械,東証2部
6156,エーワン精密,JQスタンダード
6157,日進工具,JQスタンダード
6158,和井田,JQスタンダード
6159,ミクロン精密,JQスタンダード
6161,エスティック,東証2部
6163,H&F,JQスタンダード
6164,太陽工機,JQスタンダード
6165,パンチ,東証1部
6166,中村超硬,東証マザーズ
6167,冨士ダイス,東証2部
6171,土木管理,東証1部
6172,メタップス,東証マザーズ
6173,アクアライン,東証マザーズ
6174,デンタス,東証TPM
6176,ブランジスタ,東証マザーズ
6177,AppBank,東証マザーズ
6178,日本郵政,東証1部
6179,WBFリゾ沖,東証TPM
6180,GMOメディア,東証マザーズ
6181,パートナーA,東証マザーズ
6182,ロゼッタ,東証マザーズ
6183,ベル24HD,東証1部
6184,鎌倉新書,東証マザーズ
6185,SMN,東証マザーズ
6186,一蔵,東証1部
6187,LITALICO,東証マザーズ
6188,富士ソフSB,JQスタンダード
6189,グローバルG,東証マザーズ
6190,PXB,東証マザーズ
6191,エボラブルA,東証マザーズ
6192,HyAS&Co.,東証マザーズ
6193,バーチャレクス,東証マザーズ
6194,アトラエ,東証マザーズ
6195,ホープ,東証マザーズ
6195,ホープ,福証Q-Board
6196,ストライク,東証マザーズ
6197,ソラスト,東証1部
6198,キャリア,東証マザーズ
6199,セラク,東証マザーズ
6200,インソース,東証マザーズ
6201,豊田織機,東証1部
6203,豊和工,東証1部
6205,OKK,東証1部
6208,石川製,東証1部
6210,東洋機械,東証1部
6217,津田駒,東証1部
6218,エンシュウ,東証1部
6222,島精機,東証1部
6236,NCHD,東証1部
6237,イワキポンプ,東証2部
6238,フリュー,東証1部
6239,ナガオカ,JQスタンダード
6240,ヤマシンフィルタ,東証1部
6245,ヒラノテク,東証2部
6246,テクノスマート,東証2部
6247,日阪製,東証1部
6248,横田製作,JQスタンダード
6249,GCジョイコH,JQスタンダード
6250,やまびこ,東証1部
6254,野村マイクロ,JQスタンダード
6255,エヌピーシー,東証マザーズ
6256,ニューフレア,JQスタンダード
6257,藤商事,JQスタンダード
6258,平田機工,JQスタンダード
6262,ペガサス,東証1部
6264,マルマエ,東証マザーズ
6265,妙徳,JQスタンダード
6266,タツモ,JQスタンダード
6267,ゼネパッカー,JQスタンダード
6268,ナブテスコ,東証1部
6269,三井海洋,東証1部
6271,ニッセイ,東証2部
6272,レオン自機,東証1部
6273,SMC,東証1部
6274,新川,東証1部
6276,ナビタス,JQスタンダード
6277,ホソカワミクロ,東証1部
6278,ユニオンツール,東証1部
6279,瑞光,東証2部
6281,前田製,JQスタンダード
6282,オイレス工,東証1部
6284,ASB機械,東証1部
6286,靜甲,JQスタンダード
6287,サトーHD,東証1部
6289,技研製,東証2部
6291,エアーテック,東証1部
6292,カワタ,東証2部
6293,日樹工,東証1部
6294,オカタアイヨン,東証1部
6297,鉱研工業,JQスタンダード
6298,ワイエイシイ,東証1部
6299,神鋼環境,東証2部
6300,アピクヤマダ,東証2部
6301,コマツ,東証1部
6302,住友重,東証1部
6303,ササクラ,東証2部
6305,日立建,東証1部
6306,日工,東証1部
6307,サンセイ,東証2部
6309,巴工業,東証1部
6310,井関農,東証1部
6312,フロイント,JQスタンダード
6314,石井工研,JQスタンダード
6315,TOWA,東証1部
6316,丸山製,東証1部
6317,北川鉄,東証1部
6319,シンニッタン,東証1部
6322,タクミナ,東証2部
6323,ローツェ,東証1部
6324,ハーモニック,JQスタンダード
6325,タカキタ,東証1部
6326,クボタ,東証1部
6327,北川精機,JQスタンダード
6328,荏原実業,東証1部
6330,洋エンジ,東証1部
6331,化工機,東証1部
6332,月島機,東証1部
6333,帝国電機,東証1部
6334,明治機,東証2部
6335,東京機,東証1部
6336,石井表記,東証2部
6337,テセック,JQスタンダード
6338,タカトリ,東証2部
6339,新東工,東証1部
6340,渋谷工,東証1部
6342,太平製,東証2部
6343,フリージアマク,東証2部
6345,アイチコーポ,東証1部
6346,キクカワ,東証2部
6347,プラコー,JQスタンダード
6349,小森,東証1部
6351,鶴見製,東証1部
6355,住友精,東証1部
6356,日ギア,東証2部
6357,三精テクノ,東証2部
6358,酒井重,東証1部
6360,東自機,東証2部
6361,荏原,東証1部
6362,石井鉄,東証1部
6363,酉島製,東証1部
6364,北越工,東証1部
6365,電業社,東証2部
6366,千代建,東証1部
6367,ダイキン,東証1部
6368,オルガノ,東証1部
6369,トーヨーカネツ,東証1部
6370,栗田工,東証1部
6371,椿本チ,東証1部
6373,大同工,東証1部
6376,日機装,東証1部
6378,木村化,東証1部
6379,新興プラン,東証1部
6380,オリチエン,東証2部
6381,アネスト岩田,東証1部
6382,トリニ工,東証2部
6383,ダイフク,東証1部
6384,昭和真空,JQスタンダード
6387,サムコ,東証1部
6390,加藤製,東証1部
6391,加地テック,東証2部
6392,ヤマダ,東証2部
6393,油研工,東証1部
6395,タダノ,東証1部
6396,宇野鉄,東証2部
6397,郷鉄工,東証2部
6400,不二精機,JQスタンダード
6402,兼松エンジ,東証2部
6403,水道機,JQスタンダード
6405,鈴茂器工,JQスタンダード
6406,フジテック,東証1部
6407,CKD,東証1部
6408,小倉クラ,JQスタンダード
6409,キトー,東証1部
6411,中野冷,JQスタンダード
6412,平和,東証1部
6413,理想科,東証1部
6414,川重冷,JQスタンダード
6416,桂川電,JQスタンダード
6417,SANKYO,東証1部
6418,金銭機,東証1部
6419,マース,東証1部
6420,福島工業,東証1部
6424,高見サイ,JQスタンダード
6425,ユニバーサル,JQスタンダード
6428,オーイズミ,東証1部
6430,ダイコク電,東証1部
6432,竹内製作,東証1部
6433,ヒーハイスト,JQスタンダード
6436,アマノ,東証1部
6440,JUKI,東証1部
6444,サンデンHD,東証1部
6445,蛇の目,東証1部
6448,ブラザー,東証1部
6454,マックス,東証1部
6455,モリタHD,東証1部
6457,グローリー,東証1部
6458,シンコウ工,東証1部
6459,大和冷,東証1部
6460,セガサミーHD,東証1部
6461,日ピストン,東証1部
6462,リケン,東証1部
6463,TPR,東証1部
6464,ツバキナカシマ,東証1部
6465,ホシザキ,東証1部
6466,東亜バル,東証2部
6467,ニチダイ,JQスタンダード
6469,放電精密,JQスタンダード
6470,大豊工業,東証1部
6471,日精工,東証1部
6472,NTN,東証1部
6473,ジェイテクト,東証1部
6474,不二越,東証1部
6478,ダイベア,東証2部
6479,ミネベア,東証1部
6480,日トムソン,東証1部
6481,THK,東証1部
6482,ユーシン精機,東証1部
6484,KVK,JQスタンダード
6485,前澤給,東証1部
6486,イーグル,東証1部
6488,ヨシタケ,JQスタンダード
6489,前沢工,東証1部
6490,日ピラー,東証1部
6492,岡野バル,東証2部
6492,岡野バル,福証
6493,日鍛バル,東証2部
6494,NFK-HD,JQスタンダード
6495,宮入バル,東証2部
6496,中北製,東証2部
6497,ハマイ,JQスタンダード
6498,キッツ,東証1部
6501,日立,東証1部
6502,東芝,東証1部
6503,三菱電,東証1部
6504,富士電機,東証1部
6504,富士電機,福証
6505,東洋電,東証1部
6506,安川電,東証1部
6506,安川電,福証
6507,シンフォニア,東証1部
6508,明電舎,東証1部
6513,オリジン,東証1部
6516,山洋電,東証1部
6517,デンヨー,東証1部
6518,三相電機,JQスタンダード
6531,リファインバス,東証マザーズ
6532,ベイカレント,東証マザーズ
6533,DigitalI,東証マザーズ
6534,DACHD,東証2部
6535,アイモバイル,東証マザーズ
6537,WASHハウス,東証マザーズ
6537,WASHハウス,福証Q-Board
6538,キャリアインデ,東証マザーズ
6539,MS-Japan,東証マザーズ
6540,船場,東証2部
6541,グレイス,東証マザーズ
6542,FCHD,JQスタンダード
6581,日立工,東証1部
6584,三桜工,東証1部
6586,マキタ,東証1部
6588,東芝テック,東証1部
6590,芝浦メカ,東証1部
6591,西芝電,東証2部
6592,マブチ,東証1部
6594,日電産,東証1部
6615,UMCエレ,東証1部
6616,トレックスセミ,東証2部
6617,東光高岳,東証1部
6618,大泉製,東証マザーズ
6619,WSCOPE,東証1部
6620,宮越HD,東証1部
6622,ダイヘン,東証1部
6622,ダイヘン,福証
6624,田淵電,東証1部
6625,JALCOHD,JQスタンダード
6626,SEMITEC,JQスタンダード
6627,テラプロ,東証マザーズ
6628,オンキヨー,JQスタンダード
6629,テクノHR,JQスタンダード
6630,ヤーマン,東証1部
6632,JVCKW,東証1部
6633,C&GSYS,JQスタンダード
6634,ネクスG,JQスタンダード
6635,大日光,JQスタンダード
6636,ソルガムJHD,JQスタンダード
6637,寺崎電気,JQスタンダード
6638,Mimaki,東証1部
6639,コンテック,東証2部
6640,第一精工,東証1部
6641,日新電,東証1部
6643,戸上電,東証2部
6644,大崎電,東証1部
6645,オムロン,東証1部
6647,森尾電,東証2部
6648,かわでん,JQスタンダード
6651,日東工,東証1部
6652,IDEC,東証1部
6653,正興電,福証
6654,不二電機,東証1部
6656,インスペック,東証マザーズ
6658,シライ電子,JQスタンダード
6659,メディアGL,JQスタンダード
6662,ユビテック,JQスタンダード
6663,太洋工業,JQスタンダード
6664,オプトエレクト,JQスタンダード
6666,リバーエレテク,JQスタンダード
6668,プラズマ,東証2部
6669,シーシーエス,JQスタンダード
6670,MCJ,東証2部
6674,GSユアサ,東証1部
6675,サクサ,東証1部
6676,メルコ,東証1部
6677,エスケーエレク,JQスタンダード
6678,テクノメディカ,東証1部
6701,NEC,東証1部
6702,富士通,東証1部
6703,OKI,東証1部
6704,岩崎通,東証1部
6706,電気興,東証1部
6707,サンケン電,東証1部
6709,明星電,東証2部
6715,ナカヨ,東証1部
6716,テクニカル電,JQスタンダード
6718,アイホン,東証1部
6719,富通コンポ,東証2部
6721,ウインテスト,東証2部
6722,A&T,JQスタンダード
6723,ルネサス,東証1部
6724,エプソン,東証1部
6727,ワコム,東証1部
6728,アルバック,東証1部
6730,アクセル,東証1部
6731,ピクセラ,東証2部
6734,ニューテック,JQスタンダード
6736,サン電子,JQスタンダード
6737,EIZO,東証1部
6740,JDI,東証1部
6741,日信号,東証1部
6742,京三製,東証1部
6743,大同信,東証2部
6744,能美防,東証1部
6745,ホーチキ,東証1部
6747,KIHD,東証2部
6748,星和電,東証2部
6750,エレコム,東証1部
6751,日無線,東証1部
6752,パナソニック,東証1部
6753,シャープ,東証2部
6754,アンリツ,東証1部
6755,富通ゼネ,東証1部
6756,日立国際,東証1部
6757,OSGコーポ,JQスタンダード
6758,ソニー,東証1部
6762,TDK,東証1部
6763,帝通工,東証1部
6767,ミツミ,東証1部
6768,タムラ製,東証1部
6769,ザイン,JQスタンダード
6770,アルプス,東証1部
6771,池上通,東証1部
6772,コスモス電,東証2部
6773,パイオニア,東証1部
6775,TBグループ,東証2部
6776,天昇電,東証2部
6777,santec,JQスタンダード
6778,アルチザ,東証2部
6779,日電波,東証1部
6785,鈴木,東証1部
6786,RVH,東証2部
6787,メイコー,JQスタンダード
6788,日本トリム,東証1部
6789,ローランドDG,東証1部
6791,コロムビア,東証1部
6794,フォスタ電,東証1部
6796,クラリオン,東証1部
6798,SMK,東証1部
6800,ヨコオ,東証1部
6803,ティアック,東証1部
6804,ホシデン,東証1部
6806,ヒロセ電,東証1部
6807,航空電,東証1部
6809,TOA,東証1部
6810,日立マクセル,東証1部
6814,古野電,東証1部
6815,ユニデンHD,東証1部
6816,アルパイン,東証1部
6817,スミダコーポ,東証1部
6819,伊豆SR,JQスタンダード
6820,アイコム,東証1部
6822,大井電気,JQスタンダード
6823,リオン,東証1部
6824,新コスモス,JQスタンダード
6826,本多通信,東証1部
6832,アオイ電子,東証2部
6834,精工技研,JQスタンダード
6835,アライドHD,東証2部
6836,プラットホーム,東証2部
6837,京写,JQスタンダード
6838,多摩川HD,JQスタンダード
6839,船井電機,東証1部
6840,AKIBA,JQスタンダード
6841,横河電,東証1部
6844,新電元,東証1部
6845,アズビル,東証1部
6848,東亜DKK,東証1部
6849,日光電,東証1部
6850,チノー,東証1部
6852,テクノセブン,JQスタンダード
6853,共和電,東証1部
6855,電子材料,東証1部
6856,堀場製,東証1部
6857,アドバンテ,東証1部
6858,小野測,東証1部
6859,エスペック,東証1部
6860,パナSUNX,東証1部
6861,キーエンス,東証1部
6862,ミナトHD,JQスタンダード
6863,ニレコ,JQスタンダード
6864,NF回路,JQスタンダード
6866,日置電,東証1部
6867,リーダー電,JQスタンダード
6869,シスメックス,東証1部
6870,フェンオール,東証2部
6871,マイクロニクス,東証1部
6874,協立電機,JQスタンダード
6875,メガチップス,東証1部
6877,OBARA-G,東証1部
6879,イマジカロボ,東証1部
6881,キョウデン,東証2部
6882,三社電機,東証2部
6888,アクモス,JQスタンダード
6889,オーデリック,JQスタンダード
6890,フェローテック,JQスタンダード
6894,パルステック,東証2部
6895,ダイヤ電機,東証2部
6897,ツインバード,東証2部
6898,トミタ電機,JQスタンダード
6899,ASTI,東証2部
6901,沢藤電,東証1部
6902,デンソー,東証1部
6904,原田工業,JQスタンダード
6905,コーセル,東証1部
6907,ジオマテック,JQスタンダード
6908,イリソ電子,東証1部
6911,新日無,東証1部
6912,菊水電,JQスタンダード
6914,オプテックスG,東証1部
6915,千代インテ,東証1部
6916,アイオデータ,東証1部
6918,アバール,JQスタンダード
6919,ケル,JQスタンダード
6920,レーザーテク,東証1部
6923,スタンレ電,東証1部
6924,岩崎電,東証1部
6925,ウシオ電,東証1部
6926,OKAYA,東証1部
6927,ヘリオステクノH,東証1部
6928,エノモト,JQスタンダード
6929,日セラミ,東証1部
6930,日アンテナ,JQスタンダード
6932,遠藤照,東証1部
6935,JDL,東証1部
6937,古河池,東証1部
6938,双信電,東証1部
6941,山一電,東証1部
6942,ソフィアHD,JQスタンダード
6943,NKK,JQスタンダード
6944,アイレックス,JQスタンダード
6945,FTEC,東証2部
6946,日アビオ,東証2部
6947,図研,東証1部
6951,日電子,東証1部
6952,カシオ,東証1部
6954,ファナック,東証1部
6955,FDK,東証2部
6957,芝浦電子,JQスタンダード
6958,日本CMK,東証1部
6960,フクダ電,JQスタンダード
6961,エンプラス,東証1部
6962,大真空,東証1部
6963,ローム,東証1部
6964,サンコー,東証2部
6965,ホトニクス,東証1部
6966,三井ハイテ,東証1部
6966,三井ハイテ,福証
6967,新電工,東証1部
6969,松尾電,東証2部
6971,京セラ,東証1部
6972,エルナー,東証2部
6973,協栄産,東証1部
6976,太陽誘電,東証1部
6977,抵抗器,東証2部
6981,村田製,東証1部
6982,リード,東証2部
6985,ユーシン,東証1部
6986,双葉電,東証1部
6988,日東電,東証1部
6989,北電工,東証1部
6993,大黒屋,東証2部
6994,指月電,東証2部
6995,東海理化,東証1部
6996,ニチコン,東証1部
6997,日ケミコン,東証1部
6998,日タングス,東証2部
6998,日タングス,福証
6999,KOA,東証1部
7003,三井造,東証1部
7004,日立造,東証1部
7011,三菱重,東証1部
7011,三菱重,札証
7011,三菱重,福証
7012,川重,東証1部
7013,IHI,東証1部
7013,IHI,札証
7013,IHI,福証
7014,名村造,東証1部
7018,内海造,東証2部
7021,ニッチツ,東証2部
7022,サノヤスHD,東証1部
7102,日車輌,東証1部
7105,ニチユ三菱,東証1部
7122,近畿車,東証1部
7148,FPG,東証1部
7150,島根銀行,東証1部
7157,ライフネット,東証マザーズ
7161,じもとHD,東証1部
7162,アストマックス,JQスタンダード
7164,全国保証,東証1部
7167,めぶきFG,東証1部
7169,ニュートンFC,JQスタンダード
7170,中央インタG,東証TPM
7172,JIA,東証マザーズ
7173,東京TYFG,東証1部
7175,今村証券,JQスタンダード
7176,シンプレクスF,東証TPM
7177,GMOクリック,JQスタンダード
7180,九州FG,東証1部
7180,九州FG,福証
7181,かんぽ,東証1部
7182,ゆうちょ,東証1部
7183,あん保証,東証マザーズ
7184,富山第一,東証1部
7185,ヒロセ通商,JQスタンダード
7186,コンコルディア,東証1部
7187,ジェイリース,東証マザーズ
7189,西日本FH,東証1部
7189,西日本FH,福証
7190,マーキュリア,東証2部
7191,イントラスト,東証マザーズ
7192,モーゲージS,JQスタンダード
7201,日産自,東証1部
7202,いすゞ,東証1部
7203,トヨタ,東証1部
7203,トヨタ,札証
7203,トヨタ,福証
7205,日野自,東証1部
7208,カネミツ,東証2部
7211,三菱自,東証1部
7212,エフテック,東証1部
7213,レシップHD,東証1部
7214,GMB,東証1部
7215,ファルテック,東証1部
7217,テイン,JQスタンダード
7218,田中精密,JQスタンダード
7219,HKS,JQスタンダード
7220,武蔵精密,東証1部
7222,産車体,東証1部
7224,新明和,東証1部
7226,極東開,東証1部
7228,デイトナ,JQスタンダード
7229,ユタカ技研,JQスタンダード
7230,日信工業,東証1部
7231,トピー,東証1部
7235,東ラヂエタ,東証2部
7236,ティラド,東証1部
7238,曙ブレーキ,東証1部
7239,タチエス,東証1部
7240,NOK,東証1部
7241,フタバ,東証1部
7242,KYB,東証1部
7244,市光工,東証1部
7245,大同メタ,東証1部
7246,プレス工,東証1部
7247,ミクニ,東証1部
7248,カルソカンセ,東証1部
7250,太平洋,東証1部
7251,ケーヒン,東証1部
7254,ユニバンス,東証2部
7255,桜井製,JQスタンダード
7256,河西工,東証1部
7259,アイシン精,東証1部
7260,富士キコウ,東証1部
7261,マツダ,東証1部
7264,MURO,JQスタンダード
7265,エイケン工業,JQスタンダード
7266,今仙電機,東証1部
7267,ホンダ,東証1部
7268,タツミ,JQスタンダード
7269,スズキ,東証1部
7270,富士重,東証1部
7271,安永,東証1部
7272,ヤマハ発,東証1部
7273,イクヨ,東証2部
7274,ショーワ,東証1部
7276,小糸製,東証1部
7277,TBK,東証1部
7278,エクセディ,東証1部
7279,ハイレックス,東証2部
7280,ミツバ,東証1部
7282,豊田合,東証1部
7283,愛三工,東証1部
7284,盟和産,東証1部
7287,日精機,東証2部
7291,日プラスト,東証2部
7292,村上開明,東証2部
7294,ヨロズ,東証1部
7296,エフ･シー･シー,東証1部
7297,カーメイト,JQスタンダード
7298,八千代工,JQスタンダード
7299,オーゼックス,東証2部
7305,新家工,東証1部
7309,シマノ,東証1部
7312,タカタ,東証1部
7313,TSテック,東証1部
7314,小田原機,JQスタンダード
7315,IJTT,東証2部
7399,ナンシン,JQスタンダード
7404,昭和飛,東証2部
7408,ジャムコ,東証1部
7412,アトム,東証2部
7413,創健社,JQスタンダード
7414,小野建,東証1部
7414,小野建,福証
7416,はるやま,東証1部
7417,南陽,福証
7419,ノジマ,東証1部
7420,佐鳥電機,東証1部
7421,カッパ･クリエ,東証1部
7422,東邦レマック,JQスタンダード
7425,初穂商事,JQスタンダード
7426,山大,JQスタンダード
7427,エコトレディン,東証1部
7433,伯東,東証1部
7434,オータケ,JQスタンダード
7435,ナ･デックス,JQスタンダード
7438,コンドーテック,東証1部
7441,Misumi,福証
7442,中山福,東証1部
7443,横浜魚類,JQスタンダード
7444,ハリマ共和,東証2部
7445,ライトオン,東証1部
7446,東北化学,JQスタンダード
7447,ナガイレーベ,東証1部
7448,ジンズメイト,東証1部
7450,サンデー,JQスタンダード
7451,三菱食品,東証1部
7453,良品計画,東証1部
7455,三城HD,東証1部
7456,松田産業,東証1部
7458,第一興商,東証1部
7459,メディパル,東証1部
7460,ヤギ,東証2部
7461,キムラ,JQスタンダード
7462,ダイヤ通商,JQスタンダード
7463,アドヴァン,東証1部
7464,セフテック,JQスタンダード
7465,MV北海道,JQスタンダード
7466,SPK,東証1部
7467,萩原電気,東証1部
7472,鳥羽洋行,JQスタンダード
7475,アルビス,東証1部
7476,アズワン,東証1部
7477,ムラキ,JQスタンダード
7480,スズデン,東証1部
7481,尾家産業,東証1部
7482,シモジマ,東証1部
7483,ドウシシャ,東証1部
7486,サンリン,JQスタンダード
7487,小津産業,東証1部
7490,日新商事,東証2部
7494,コナカ,東証1部
7500,西川計測,JQスタンダード
7501,ティムコ,JQスタンダード
7502,プラザクリエ,JQスタンダード
7504,高速,東証1部
7505,扶桑電通,東証2部
7506,ハウスローゼ,東証1部
7508,GセブンHD,東証1部
7509,アイエーG,JQスタンダード
7510,たけびし,東証1部
7512,イオン北海,東証1部
7512,イオン北海,札証
7513,コジマ,東証1部
7514,ヒマラヤ,東証1部
7515,マルヨシセンター,東証2部
7516,コーナン商事,東証1部
7517,黒田電気,東証1部
7518,ネットワン,東証1部
7519,五洋インテ,JQスタンダード
7520,エコス,東証1部
7521,ムサシ,JQスタンダード
7522,ワタミ,東証1部
7523,アールビバン,JQスタンダード
7524,マルシェ,東証1部
7525,リックス,東証1部
7525,リックス,福証
7527,システムソフト,東証1部
7531,清和中央,JQスタンダード
7532,ドンキホーテH,東証1部
7533,グリーンクロス,福証
7537,丸文,東証1部
7538,大水,東証2部
7539,アイナボHD,JQスタンダード
7544,スリーエフ,東証2部
7545,西松屋チェ,東証1部
7550,ゼンショーHD,東証1部
7551,ウェッズ,JQスタンダード
7552,ハピネット,東証1部
7554,幸楽苑HD,東証1部
7555,大田花き,JQスタンダード
7559,GFC,JQスタンダード
7561,ハークスレイ,東証1部
7562,安楽亭,東証2部
7564,ワークマン,JQスタンダード
7565,万世電機,東証2部
7567,栄電子,JQスタンダード
7570,橋本総HD,東証1部
7571,ヤマノHD,JQスタンダード
7575,日本ライフL,東証1部
7577,パスポート,JQスタンダード
7578,ニチリョク,JQスタンダード
7581,サイゼリヤ,東証1部
7585,かんなん,JQスタンダード
7587,PALTEK,東証2部
7590,タカショー,JQスタンダード
7591,エクセル,東証1部
7593,VTHD,東証1部
7594,マルカキカイ,東証1部
7595,アルゴグラフ,東証1部
7596,魚力,東証1部
7597,東京貴宝,JQスタンダード
7599,IDOM,東証1部
7600,日本MDM,東証1部
7601,ポプラ,東証1部
7602,カーチスHD,東証2部
7603,マックハウス,JQスタンダード
7604,梅の花,東証2部
7605,フジコーポ,東証1部
7606,Uアローズ,東証1部
7607,進和,東証1部
7608,エスケイ,東証1部
7609,ダイトロン,東証1部
7610,テイツー,JQスタンダード
7611,ハイデ日高,東証1部
7612,Nuts,JQスタンダード
7613,シークス,東証1部
7614,オーエムツー,JQスタンダード
7615,京都友禅,東証1部
7616,コロワイド,東証1部
7618,PCDEPOT,東証1部
7619,田中商事,東証1部
7621,うかい,JQスタンダード
7623,サンオータス,JQスタンダード
7624,NaITO,JQスタンダード
7625,ダイニング,東証2部
7628,オーハシテクニカ,東証1部
7630,壱番屋,東証1部
7634,星医療,JQスタンダード
7635,杉田エース,JQスタンダード
7636,ハンズマン,JQスタンダード
7637,白銅,東証1部
7638,NEWART,JQスタンダード
7640,トップカルチャ,東証1部
7643,ダイイチ,JQスタンダード
7643,ダイイチ,札証
7646,PLANT,東証1部
7647,音通,東証2部
7649,スギHD,東証1部
7701,島津製,東証1部
7702,JMS,東証1部
7703,川澄化,東証2部
7705,ジーエル,東証2部
7707,PSS,東証マザーズ
7709,クボテック,東証1部
7711,助川電,JQスタンダード
7713,シグマ光機,JQスタンダード
7715,長野計器,東証1部
7716,ナカニシ,JQスタンダード
7717,Vテクノロジー,東証1部
7718,スター精,東証1部
7719,東京衡機,東証2部
7721,東京計器,東証1部
7722,国際計測,JQスタンダード
7723,愛時計,東証1部
7725,インタアクション,東証2部
7726,黒田精,東証2部
7727,オーバル,東証1部
7729,東京精,東証1部
7730,マニー,東証1部
7731,ニコン,東証1部
7732,トプコン,東証1部
7733,オリンパス,東証1部
7734,理計器,東証1部
7735,スクリン,東証1部
7739,キヤノン電,東証1部
7740,タムロン,東証1部
7741,HOYA,東証1部
7743,シード,東証2部
7744,ノーリツ鋼機,東証1部
7745,A&D,東証1部
7746,岡本硝子,JQスタンダード
7747,アサヒインテック,東証2部
7748,ホロン,JQスタンダード
7749,メディキット,JQスタンダード
7751,キヤノン,東証1部
7751,キヤノン,札証
7751,キヤノン,福証
7752,リコー,東証1部
7752,リコー,札証
7752,リコー,福証
7758,セコニックHD,東証2部
7760,IMV,JQスタンダード
7762,シチズン,東証1部
7768,ジェコー,東証2部
7769,リズム,東証1部
7771,日本精密,JQスタンダード
7774,J・TEC,JQグロース
7775,大研医器,東証1部
7776,セルシード,JQグロース
7777,3Dマトリックス,JQグロース
7778,アドメテック,東証TPM
7779,サイバダイン,東証マザーズ
7780,メニコン,東証1部
7781,平山,JQスタンダード
7782,シンシア,東証マザーズ
7811,中本パクス,東証2部
7812,クレステック,JQスタンダード
7813,プラッツ,東証マザーズ
7813,プラッツ,福証Q-Board
7814,日本創発,JQスタンダード
7815,東ボード,東証2部
7816,スノーピーク,東証1部
7817,パラベッド,東証1部
7818,トランザクショ,東証1部
7819,SHO-BI,東証1部
7820,ニホンフラッシュ,東証1部
7821,前田工繊,東証1部
7822,永大産業,東証1部
7823,アートネイチャー,東証1部
7825,ダンロップス,東証1部
7826,フルヤ金属,JQスタンダード
7827,オービス,JQスタンダード
7829,サマンサJP,東証マザーズ
7831,ウイルコHD,東証2部
7832,バンナムHD,東証1部
7833,IFIS,東証1部
7834,マルマン,JQスタンダード
7836,アビックス,JQスタンダード
7837,アールシーコア,JQスタンダード
7838,共立印刷,東証1部
7839,SHOEI,東証1部
7840,フラベッドH,東証1部
7841,遠藤製作,JQスタンダード
7844,マーベラス,東証1部
7846,パイロット,東証1部
7847,グラファイトD,JQスタンダード
7849,スターツ出版,JQスタンダード
7850,総合商研,JQスタンダード
7851,カワセCS,東証2部
7853,Fプラネット,東証2部
7855,カーディナル,JQグロース
7856,萩原工業,東証1部
7857,セキ,JQスタンダード
7859,アルメディオ,東証2部
7860,エイベックス,東証1部
7862,トッパン･F,東証1部
7863,平賀,JQスタンダード
7864,フジシール,東証1部
7865,ピープル,JQスタンダード
7867,タカラトミー,東証1部
7868,広済堂,東証1部
7869,日本フォーム,JQスタンダード
7871,フクビ,東証2部
7872,Aエステール,東証1部
7873,アーク,東証1部
7874,レック,東証1部
7877,永大化工,JQスタンダード
7878,光彩工芸,JQスタンダード
7879,ノダ,東証2部
7883,サンメッセ,JQスタンダード
7885,タカノ,東証1部
7886,ヤマト･インダ,JQスタンダード
7887,南海プライ,東証2部
7888,三光合成,JQスタンダード
7889,桑山,JQスタンダード
7891,日本ユピカ,JQスタンダード
7893,プロネクサス,東証1部
7894,丸東産業,福証
7895,中央化学,JQスタンダード
7896,セブン工,東証2部
7897,ホクシン,東証1部
7898,ウッドワン,東証1部
7899,MICS化学,JQスタンダード
7901,マツモト,JQスタンダード
7902,ソノコム,JQスタンダード
7905,大建工,東証1部
7906,ヨネックス,東証2部
7908,KIMOTO,東証1部
7911,凸版印,東証1部
7912,大日印,東証1部
7913,図書印,東証1部
7914,共同印,東証1部
7915,日写印,東証1部
7916,光村印,東証1部
7917,藤森工,東証1部
7918,ヴィアHD,東証1部
7919,野崎印,東証2部
7920,三浦印,東証2部
7921,宝印刷,東証1部
7922,三光産,JQスタンダード
7923,トーイン,JQスタンダード
7925,前澤化,東証1部
7927,ムトー精工,JQスタンダード
7928,旭化学,JQスタンダード
7932,ニッピ,JQスタンダード
7936,アシックス,東証1部
7937,ツツミ,東証1部
7938,リーガル,JQスタンダード
7939,研創,JQスタンダード
7942,JSP,東証1部
7943,ニチハ,東証1部
7945,コマニー,東証2部
7946,光陽社,東証2部
7947,エフピコ,東証1部
7949,小松ウオル,東証1部
7951,ヤマハ,東証1部
7952,河合楽,東証1部
7953,菊水化,東証2部
7955,クリナップ,東証1部
7956,ピジョン,東証1部
7957,フジコピア,東証2部
7958,天馬,東証1部
7961,兼松サステク,東証1部
7962,キングジム,東証1部
7963,興研,JQスタンダード
7965,象印,東証2部
7966,リンテック,東証1部
7968,TASAKI,東証1部
7970,信越ポリ,東証1部
7971,東リ,東証1部
7972,イトーキ,東証1部
7974,任天堂,東証1部
7975,リヒトラブ,東証2部
7976,菱鉛筆,東証1部
7979,松風,東証1部
7980,重松製,JQスタンダード
7981,タカラスタン,東証1部
7983,ミロク,東証2部
7984,コクヨ,東証1部
7985,ネポン,東証2部
7986,日アイエスケイ,JQスタンダード
7987,ナカバヤシ,東証1部
7988,ニフコ,東証1部
7989,ブラインド,東証1部
7990,グローブライ,東証1部
7991,マミヤOP,東証2部
7992,セーラー,東証2部
7994,岡村製,東証1部
7995,日バルカー,東証1部
7997,くろ工,東証2部
7999,MUTOH-HD,東証1部
8001,伊藤忠,東証1部
8002,丸紅,東証1部
8005,スクロール,東証1部
8006,ユアサフナ,東証2部
8007,高島,東証1部
8008,4℃HD,東証1部
8011,三陽商,東証1部
8012,長瀬産,東証1部
8013,ナイガイ,東証1部
8014,蝶理,東証1部
8015,豊通商,東証1部
8016,オンワードHD,東証1部
8018,三共興,東証1部
8020,兼松,東証1部
8022,ミズノ,東証1部
8023,大興通,東証2部
8025,ツカモト,東証1部
8028,ユニー･ファミマ,東証1部
8029,ルック,東証1部
8030,中央魚,東証2部
8031,三井物,東証1部
8031,三井物,札証
8031,三井物,福証
8032,紙パル商,東証1部
8035,東エレク,東証1部
8036,日立ハイテク,東証1部
8037,カメイ,東証1部
8038,東都水,東証1部
8039,築地魚,東証2部
8040,東ソワール,東証2部
8041,OUGHD,東証1部
8043,スターゼン,東証1部
8044,大都魚,東証2部
8045,横丸魚,JQスタンダード
8046,丸藤パ,東証2部
8050,セイコーHD,東証1部
8051,山善,東証1部
8052,椿本興,東証1部
8053,住友商,東証1部
8053,住友商,福証
8056,日ユニシス,東証1部
8057,内田洋,東証1部
8058,三菱商,東証1部
8059,第一実,東証1部
8060,キヤノンMJ,東証1部
8061,西華産,東証1部
8065,佐藤商,東証1部
8066,三谷商,東証2部
8068,菱洋エレク,東証1部
8070,東京産,東証1部
8072,出版貿,JQスタンダード
8074,ユアサ商,東証1部
8075,神鋼商,東証1部
8077,小林産,東証1部
8078,阪和興,東証1部
8079,正栄食,東証2部
8081,カナデン,東証1部
8084,菱電商,東証1部
8085,ナラサキ,東証2部
8085,ナラサキ,札証
8086,ニプロ,東証1部
8087,フルサト,東証1部
8088,岩谷産,東証1部
8089,すてきN,東証1部
8090,昭光商,東証1部
8091,ニチモウ,東証1部
8093,極東貿,東証1部
8095,イワキ,東証1部
8096,兼松エレク,東証1部
8097,三愛石,東証1部
8098,稲畑産,東証1部
8101,GSIクレオス,東証1部
8103,明和産,東証1部
8104,クワザワ,札証
8105,堀田丸正,東証2部
8107,キムラタン,東証1部
8108,ヤマエ久,福証
8111,Gウイン,東証1部
8113,ユニチャーム,東証1部
8114,デサント,東証1部
8115,ムーンバット,東証2部
8117,中央自,東証2部
8118,キング,東証1部
8119,三栄コポ,JQスタンダード
8123,川辺,JQスタンダード
8125,ワキタ,東証1部
8127,ヤマトインタ,東証1部
8129,東邦HD,東証1部
8130,サンゲツ,東証1部
8131,ミツウロコGHD,東証1部
8132,シナネンHD,東証1部
8133,エネクス,東証1部
8135,ゼット,東証2部
8136,サンリオ,東証1部
8137,サンワテクノス,東証1部
8138,三京化,東証2部
8139,ナガホリ,東証2部
8140,リョーサン,東証1部
8141,新光商,東証1部
8142,トーホー,東証1部
8142,トーホー,福証
8143,ラピーヌ,東証2部
8144,電響社,東証2部
8147,トミタ,JQスタンダード
8148,上原成,東証2部
8150,三信電,東証1部
8151,東陽テク,東証1部
8152,ソマール,東証2部
8153,モスフード,東証1部
8154,加賀電,東証1部
8155,三益半,東証1部
8157,都築電,東証2部
8158,ソーダニッカ,東証1部
8159,立花エレテ,東証1部
8160,木曽路,東証1部
8163,サトRS,東証1部
8165,千趣会,東証1部
8166,タカキュー,東証1部
8167,リテールPT,東証2部
8168,ケーヨー,東証1部
8170,アデランス,東証1部
8173,上新電,東証1部
8174,日ガス,東証1部
8175,ベスト電,東証1部
8175,ベスト電,福証
8179,ロイヤルHD,東証1部
8179,ロイヤルHD,福証
8181,東天紅,東証1部
8182,いなげや,東証1部
8184,島忠,東証1部
8185,チヨダ,東証1部
8186,大塚家,JQスタンダード
8191,光製作,JQスタンダード
8194,ライフコーポ,東証1部
8198,MV東海,東証2部
8200,リンガハット,東証1部
8200,リンガハット,福証
8201,さが美,東証1部
8202,ラオックス,東証2部
8203,MrMax,東証1部
8203,MrMax,福証
8205,シャクリーGG,JQスタンダード
8207,テンアライド,東証1部
8208,エンチョー,JQスタンダード
8209,フレンドリー,東証2部
8214,AOKIHD,東証1部
8215,山形屋,JQスタンダード
8217,オークワ,東証1部
8218,コメリ,東証1部
8219,青山商,東証1部
8225,タカチホ,JQスタンダード
8226,理経,東証2部
8227,しまむら,東証1部
8230,はせがわ,東証1部
8230,はせがわ,福証
8233,高島屋,東証1部
8237,松屋,東証1部
8242,H2Oリテイル,東証1部
8244,近鉄百,東証1部
8245,丸栄,東証1部
8247,大和,東証2部
8249,テクノアソシエ,東証2部
8251,パルコ,東証1部
8252,丸井G,東証1部
8253,クレセゾン,東証1部
8254,サイカ屋,東証2部
8255,アクシアル,東証1部
8256,プロルート,JQスタンダード
8257,山陽百,JQスタンダード
8260,井筒屋,東証1部
8260,井筒屋,福証
8267,イオン,東証1部
8273,イズミ,東証1部
8274,東武ストア,東証1部
8275,フォーバル,東証1部
8276,平和堂,東証1部
8278,フジ,東証1部
8279,ヤオコー,東証1部
8281,ゼビオHD,東証1部
8282,ケーズHD,東証1部
8283,PALTAC,東証1部
8285,三谷産,東証1部
8287,MV西日本,東証2部
8289,OlympicG,東証1部
8291,日産東HD,東証1部
8298,ファミリー,JQスタンダード
8301,日銀SC,JQ
8303,新生銀,東証1部
8304,あおぞら,東証1部
8306,三菱UFJ,東証1部
8308,りそなHD,東証1部
8309,三住トラスト,東証1部
8316,三井住友,東証1部
8324,第四銀,東証1部
8325,北越銀,東証1部
8331,千葉銀,東証1部
8334,群馬銀,東証1部
8336,武蔵銀,東証1部
8337,千葉興,東証1部
8338,筑波銀行,東証1部
8341,七十七,東証1部
8341,七十七,札証
8342,青森銀,東証1部
8343,秋田銀,東証1部
8344,山形銀,東証1部
8345,岩手銀,東証1部
8346,東邦銀,東証1部
8349,東北銀,東証1部
8350,みち銀,東証1部
8354,ふくおか,東証1部
8354,ふくおか,福証
8355,静岡銀,東証1部
8356,十六銀,東証1部
8358,スルガ銀,東証1部
8359,八十二,東証1部
8360,山梨銀,東証1部
8361,大垣銀,東証1部
8362,福井銀,東証1部
8363,北国銀,東証1部
8364,清水銀,東証1部
8365,富山銀,東証1部
8366,滋賀銀,東証1部
8367,南都銀,東証1部
8368,百五銀,東証1部
8369,京都銀,東証1部
8370,紀陽銀行,東証1部
8374,三重銀,東証1部
8377,ほくほく,東証1部
8377,ほくほく,札証
8379,広島銀,東証1部
8381,山合銀,東証1部
8382,中国銀,東証1部
8383,鳥取銀,東証1部
8385,伊予銀,東証1部
8386,百十四,東証1部
8387,四国銀,東証1部
8388,阿波銀,東証1部
8392,大分銀,東証1部
8392,大分銀,福証
8393,宮崎銀,東証1部
8393,宮崎銀,福証
8395,佐賀銀,東証1部
8395,佐賀銀,福証
8396,十八銀,東証1部
8396,十八銀,福証
8397,沖縄銀,東証1部
8397,沖縄銀,福証
8398,筑邦銀,福証
8399,琉球銀,東証1部
8399,琉球銀,福証
8410,セブン銀行,東証1部
8411,みずほ,東証1部
8416,高知銀行,東証1部
8418,山口FG,東証1部
8421,信金中金PS,東証
8423,アクリーティブ,東証1部
8424,芙蓉リース,東証1部
8425,興銀リース,東証1部
8439,東センチュリー,東証1部
8462,フューチャーVC,JQスタンダード
8473,SBI,東証1部
8508,Jトラスト,東証2部
8511,日証金,東証1部
8515,アイフル,東証1部
8518,アジア投資,東証1部
8519,ポケットC,東証1部
8521,長野銀,東証1部
8522,名銀,東証1部
8524,北洋銀行,東証1部
8524,北洋銀行,札証
8527,愛知銀,東証1部
8529,第三銀,東証1部
8530,中京銀,東証1部
8537,大光銀,東証1部
8540,福中銀,福証
8541,愛媛銀,東証1部
8542,トマト銀,東証1部
8543,みなと銀,東証1部
8544,京葉銀,東証1部
8545,関西ア銀,東証1部
8550,栃木銀,東証1部
8551,北日銀,東証1部
8554,南日銀,福証
8558,東和銀,東証1部
8559,豊和銀,福証
8560,宮崎太,福証
8562,福島銀,東証1部
8563,大東銀,東証1部
8566,リコーリース,東証1部
8570,イオンFS,東証1部
8572,アコム,東証1部
8584,ジャックス,東証1部
8585,オリコ,東証1部
8586,日立キャピ,東証1部
8589,アプラスF,東証1部
8591,オリックス,東証1部
8593,三菱Uリース,東証1部
8594,中道リース,札証
8595,ジャフコ,東証1部
8596,九州リース,東証2部
8596,九州リース,福証
8600,トモニHD,東証1部
8601,大和証G,東証1部
8604,野村HD,東証1部
8609,岡三,東証1部
8613,丸三証,東証1部
8614,東洋証,東証1部
8616,東海東京,東証1部
8617,光世証,東証1部
8622,水戸証,東証1部
8624,いちよし,東証1部
8625,高木証,東証2部
8628,松井証,東証1部
8630,SOMPOHD,東証1部
8648,バンクアメリカ,東証1部外国
8682,MSアジア,東証
8685,AIG,東証1部外国
8686,AFL,東証1部外国
8692,だいこう,東証1部
8697,JPX,東証1部
8698,マネックスG,東証1部
8699,澤田HD,JQスタンダード
8700,丸八証券,JQスタンダード
8703,KABU.COM,東証1部
8704,トレイダーズ,JQスタンダード
8705,岡藤HD,JQスタンダード
8706,極東証券,東証1部
8707,岩井コスモ,東証1部
8708,アイザワ証,東証1部
8709,インヴァスト,JQスタンダード
8713,フィデアHD,東証1部
8714,池田泉州,東証1部
8715,アニコムHD,東証1部
8721,ベンチャーRV,東証
8725,MS&AD,東証1部
8728,M2HD,東証1部
8729,ソニーFH,東証1部
8732,マネパG,東証1部
8737,あかつき,東証2部
8739,スパークスG,JQスタンダード
8740,フジトミ,JQスタンダード
8742,小林洋行,東証1部
8746,第一商品,JQスタンダード
8747,豊商事,JQスタンダード
8750,第一生命,東証1部
8766,東京海上,東証1部
8769,ARM,JQスタンダード
8771,Eギャランティ,東証1部
8772,アサックス,東証1部
8783,GFA,JQスタンダード
8787,UCS,JQスタンダード
8789,フィンテック,東証マザーズ
8793,NECキャピ,東証1部
8795,T&DHD,東証1部
8798,アドバンスク,東証1部
8801,三井不,東証1部
8802,菱地所,東証1部
8803,平和不,東証1部
8803,平和不,札証
8803,平和不,福証
8804,東建物,東証1部
8806,ダイビル,東証1部
8818,京阪神ビ,東証1部
8830,住友不,東証1部
8835,太平発,東証1部
8836,RISE,JQスタンダード
8840,大京,東証1部
8841,テーオーシー,東証1部
8842,楽天地,東証1部
8844,コスモスイニシア,JQスタンダード
8848,レオパレス21,東証1部
8850,スターツ,東証1部
8851,アーバンライフ,東証2部
8854,日住サ,東証2部
8860,フジ住,東証1部
8864,空港施設,東証1部
8869,明和地所,東証1部
8870,住不販売,東証1部
8871,ゴールドクレ,東証1部
8876,リログループ,東証1部
8877,エスリード,東証1部
8881,日神不動,東証1部
8885,ラ･アトレ,JQグロース
8886,ウッドフレンス,JQスタンダード
8887,リベレステ,JQスタンダード
8889,アパマンショ,JQスタンダード
8890,レーサム,JQスタンダード
8891,エムジーホーム,東証2部
8892,日本エスコン,東証1部
8893,新日建物,JQスタンダード
8894,原弘産,東証2部
8897,タカラレーベン,東証1部
8898,センチュリー21,JQスタンダード
8903,サンウッド,JQスタンダード
8904,サンヨーナゴヤ,東証1部
8905,イオンモール,東証1部
8908,毎コムネット,JQスタンダード
8909,シノケンG,JQスタンダード
8912,エリアクエスト,東証2部
8914,エリアリンク,東証マザーズ
8917,ファースト住,東証1部
8918,ランド,東証1部
8920,東祥,東証1部
8922,JAM,東証マザーズ
8923,トーセイ,東証1部
8925,アルデプロ,東証2部
8927,明豊エンター,JQスタンダード
8928,穴吹興産,東証1部
8929,青山財産,東証2部
8931,和田興産,JQスタンダード
8933,NTT都市,東証1部
8934,サンフロンティア,東証1部
8935,FJネクスト,東証1部
8938,LCHD,JQグロース
8940,インテリックス,東証1部
8944,ランビジネス,東証1部
8945,社宅S,東証2部
8946,エイシアンスター,JQスタンダード
8951,日本ビルF,東証
8952,JRE,東証
8953,日本リテール,東証
8954,オリックスJRE,東証
8955,日本プラR,東証
8956,プレミア投,東証
8957,東急RE,東証
8958,グロバルRE,東証
8960,ユナイテッドU,東証
8961,森トラストRE,東証
8963,INV,東証
8964,フロンティアRE,東証
8966,平和RE,東証
8967,日本ロジ,東証
8968,福岡リート,東証
8968,福岡リート,福証
8972,ケネディオフィ,東証
8973,積ハSIレジ,東証
8975,いちごオフ,東証
8976,大和オフィス,東証
8977,阪急リート,東証
8979,スターツPR,東証
8984,ハウスリート,東証
8985,JHR,東証
8986,日賃貸,東証
8987,Jエクセレント,東証
8995,誠建設,東証2部
8996,ハウスフリダム,福証Q-Board
8999,グランディ,東証1部
9001,東武,東証1部
9003,相鉄HD,東証1部
9005,東急,東証1部
9006,京急,東証1部
9007,小田急,東証1部
9008,京王,東証1部
9009,京成,東証1部
9010,富士急,東証1部
9012,秩父鉄,JQスタンダード
9014,新京成,東証1部
9017,新潟交,東証2部
9020,JR東日本,東証1部
9021,JR西日本,東証1部
9021,JR西日本,福証
9022,JR東海,東証1部
9024,西武HD,東証1部
9025,鴻池運輸,東証1部
9027,ロジネットJ,札証
9028,ゼロ,東証2部
9029,ヒガシ21,東証2部
9031,西鉄,東証1部
9031,西鉄,福証
9033,広電鉄,東証2部
9034,南総通運,JQスタンダード
9035,第一交通,福証
9036,東部ネット,JQスタンダード
9037,ハマキョウ,東証1部
9039,サカイ引越,東証1部
9041,近鉄GHD,東証1部
9042,阪急阪神,東証1部
9044,南海電,東証1部
9045,京阪HD,東証1部
9046,神電鉄,東証1部
9048,名鉄,東証1部
9049,京福電,東証2部
9051,センコン物流,JQスタンダード
9052,山陽電,東証1部
9055,アルプス物,東証2部
9057,遠州トラック,JQスタンダード
9058,トランコム,東証1部
9059,カンダ,東証2部
9060,日ロジテム,JQスタンダード
9062,日通,東証1部
9063,岡県運,東証2部
9064,ヤマトHD,東証1部
9065,山九,東証1部
9065,山九,福証
9066,日新,東証1部
9067,丸運,東証1部
9068,丸全運,東証1部
9069,センコー,東証1部
9070,トナミHD,東証1部
9072,ニッコンHD,東証1部
9073,京極運,JQスタンダード
9074,日石輸,東証1部
9075,福山運,東証1部
9076,セイノーHD,東証1部
9081,神奈交,東証1部
9082,大和自,東証2部
9083,神姫バス,東証2部
9085,中央バス,札証
9086,日立物,東証1部
9087,タカセ,JQスタンダード
9090,丸和運輸,東証1部
9099,C&FロジHD,東証1部
9101,郵船,東証1部
9104,商船三井,東証1部
9107,川崎船,東証1部
9107,川崎船,福証
9110,ユナイテド海,東証1部
9115,明治海,東証1部
9119,飯野海,東証1部
9119,飯野海,福証
9127,玉井船,東証2部
9130,共栄タ,東証1部
9133,東栄リファ,JQスタンダード
9142,JR九州,東証1部
9142,JR九州,福証
9171,栗林船,東証2部
9173,東海船,東証2部
9176,佐渡汽,JQスタンダード
9179,川崎近海,東証2部
9193,東汽船,東証2部
9201,JAL,東証1部
9202,ANA,東証1部
9206,SFJ,東証2部
9232,パスコ,東証1部
9233,アジア航,東証2部
9281,タカラインフラF,東証
9282,いちごグ,東証
9301,三菱倉,東証1部
9302,三井倉HD,東証1部
9303,住友倉,東証1部
9304,渋沢倉,東証1部
9305,ヤマタネ,東証1部
9306,東陽倉,東証1部
9307,杉村倉,東証2部
9308,乾汽船,東証1部
9310,トランシィ,東証1部
9311,アサガミ,東証2部
9312,ケイヒン,東証1部
9313,丸八倉,東証2部
9318,アジア開発,東証2部
9319,中央倉,東証1部
9322,川西倉庫,東証2部
9324,安田倉庫,東証1部
9351,洋埠頭,東証1部
9353,桜島埠,東証2部
9355,リンコー,東証2部
9358,宇徳,東証1部
9360,鈴与シンワ,東証2部
9361,伏木運,東証2部
9362,兵機海,東証2部
9363,大運,東証2部
9364,上組,東証1部
9365,トレーディア,東証2部
9366,サンリツ,東証1部
9367,大東港,JQスタンダード
9368,キムラユニティー,東証1部
9369,キユソー流通,東証1部
9370,郵船ロジ,東証1部
9373,ニッコウトラベ,東証2部
9375,近鉄エクス,東証1部
9376,ユーラシア,JQスタンダード
9377,エージーピー,JQスタンダード
9380,東海運,東証1部
9381,AIT,東証1部
9384,内外トランス,東証1部
9385,ショーエイコーホ,JQグロース
9386,日コンセプト,東証2部
9399,新華HD,東証2部外国
9401,TBSHD,東証1部
9404,日テレHD,東証1部
9405,朝日放,東証1部
9407,RKB毎日H,福証
9408,新潟放,JQスタンダード
9409,テレ朝HD,東証1部
9412,スカパーJ,東証1部
9413,テレ東HD,東証1部
9414,BS11,東証1部
9416,ビジョン,東証1部
9417,スマートバリュ,JQスタンダード
9418,U-NEXT,東証1部
9419,ワイヤレスG,東証1部
9421,エヌジェイHD,JQスタンダード
9422,コネクシオ,東証1部
9423,フォーバルRS,JQスタンダード
9424,日本通信,東証1部
9425,日本テレホン,JQスタンダード
9428,クロップス,東証1部
9432,NTT,東証1部
9433,KDDI,東証1部
9435,光通信,東証1部
9436,沖縄セルラー,JQスタンダード
9437,NTTドコモ,東証1部
9438,エムティーアイ,東証1部
9439,MHグループ,JQスタンダード
9441,ベルパーク,JQスタンダード
9444,トーシン,JQスタンダード
9445,フォーバルTL,東証2部
9446,エスケーアイ,JQスタンダード
9449,GMO,東証1部
9466,アイドマMC,東証マザーズ
9467,アルファポリス,東証マザーズ
9468,カドカワ,東証1部
9470,学研HD,東証1部
9474,ゼンリン,東証1部
9474,ゼンリン,福証
9475,昭文社,東証1部
9476,中央経済,JQスタンダード
9478,SEH&I,JQスタンダード
9479,インプレス,東証1部
9501,東電力HD,東証1部
9502,中部電,東証1部
9503,関西電,東証1部
9504,中国電,東証1部
9505,北陸電,東証1部
9506,東北電,東証1部
9507,四国電,東証1部
9508,九州電,東証1部
9508,九州電,福証
9509,北海電,東証1部
9509,北海電,札証
9511,沖縄電,東証1部
9511,沖縄電,福証
9513,Jパワー,東証1部
9514,EF-ON,東証1部
9517,イーレックス,東証1部
9531,東ガス,東証1部
9532,大ガス,東証1部
9533,邦ガス,東証1部
9534,北ガス,東証1部
9534,北ガス,札証
9535,広島ガス,東証1部
9536,西ガス,東証1部
9536,西ガス,福証
9537,北陸ガス,東証2部
9539,葉ガス,東証2部
9543,静岡ガス,東証1部
9551,メタウォーター,東証1部
9600,アイネット,東証1部
9601,松竹,東証1部
9601,松竹,札証
9601,松竹,福証
9602,東宝,東証1部
9602,東宝,福証
9603,エイチ･アイエス,東証1部
9605,東映,東証1部
9610,ウィルソンWLW,JQスタンダード
9612,ラックランド,東証1部
9613,NTTデータ,東証1部
9616,共立メンテ,東証1部
9619,イチネンHD,東証1部
9621,建設技研,東証1部
9622,スペース,東証1部
9624,長大,東証2部
9625,セレスポ,JQスタンダード
9627,アインHD,東証1部
9627,アインHD,札証
9628,燦HD,東証1部
9629,ピーシーエー,東証1部
9631,東急レク,東証2部
9632,スバル興,東証1部
9633,テアトル,東証1部
9635,武蔵野,東証2部
9636,きんえい,東証2部
9637,OS映,東証2部
9639,三協フロン,JQスタンダード
9640,セゾン情,JQスタンダード
9641,サコス,JQスタンダード
9644,タナベ経,東証1部
9647,協和コンサ,JQスタンダード
9651,日プロセス,JQスタンダード
9656,グリンランド,東証2部
9656,グリンランド,福証
9658,太田昭,東証1部
9661,歌舞伎,東証2部
9663,ナガワ,東証1部
9671,よみラント,東証1部
9672,都競馬,東証1部
9674,花月園,東証2部
9675,常磐興,東証1部
9678,カナモト,東証1部
9678,カナモト,札証
9679,ホウライ,JQスタンダード
9681,ドーム,東証1部
9682,DTS,東証1部
9684,スクエニHD,東証1部
9685,KYCOM,JQスタンダード
9686,東洋テック,東証2部
9687,KSK,JQスタンダード
9691,両毛シス,JQスタンダード
9692,シーイーシー,東証1部
9695,鴨川ホテル,JQスタンダード
9696,ウィザス,JQスタンダード
9697,カプコン,東証1部
9698,クレオ,JQスタンダード
9699,西尾レント,東証1部
9701,東会舘,東証2部
9702,アイエスビー,東証1部
9704,アゴーラHG,東証1部
9706,空港ビル,東証1部
9707,ユニマットRC,JQスタンダード
9708,帝国ホテル,東証2部
9709,NCS&A,東証2部
9713,ロイヤルホテル,東証2部
9715,トランスコスモ,東証1部
9716,乃村工,東証1部
9717,ジャステック,東証1部
9719,SCSK,東証1部
9720,グランド,JQスタンダード
9722,藤田観,東証1部
9723,京都ホテル,東証2部
9726,KNTCT,東証1部
9728,日管財,東証1部
9729,トーカイ,東証1部
9731,白洋舎,東証1部
9733,ナガセ,JQスタンダード
9734,精養軒,JQスタンダード
9735,セコム,東証1部
9739,NSW,東証1部
9740,CSP,東証1部
9742,アイネス,東証1部
9743,丹青社,東証1部
9744,メイテック,東証1部
9746,TKC,東証1部
9747,アサツーDK,東証1部
9749,富士ソフト,東証1部
9753,IXナレッジ,JQスタンダード
9755,応用地,東証1部
9757,船総研HD,東証1部
9758,ジシステム,JQスタンダード
9759,NSD,東証1部
9760,進学会,東証1部
9761,東海リース,東証2部
9763,丸紅リース,東証1部
9764,技研興,東証2部
9765,オオバ,東証1部
9766,コナミHD,東証1部
9767,日建工,東証2部
9768,いであ,東証2部
9769,学究社,東証1部
9776,札臨,JQスタンダード
9776,札臨,札証
9778,昴,JQスタンダード
9780,ビステム,JQスタンダード
9782,ディーエムエス,JQスタンダード
9783,ベネッセHD,東証1部
9787,イオンディライ,東証1部
9788,ナック,東証1部
9790,福井コンピ,東証1部
9791,ビケンテクノ,東証2部
9792,ニチイ学館,東証1部
9793,ダイセキ,東証1部
9795,ステップ,東証1部
9797,大日本コン,東証2部
9799,旭情報,東証2部
9810,日鉄住物,東証1部
9812,テーオー,JQスタンダード
9816,ストライダース,JQスタンダード
9818,大丸エナ,東証2部
9820,MTジェネック,JQスタンダード
9823,マミーマート,JQスタンダード
9824,泉州電,東証2部
9826,JEUGIA,東証2部
9827,リリカラ,JQスタンダード
9828,元気寿司,東証1部
9829,ナガノ東,JQスタンダード
9830,Tナカヤマ,東証1部
9831,ヤマダ電,東証1部
9832,オートバクス,東証1部
9835,ジュンテント,東証2部
9836,リーバイス,JQスタンダード
9837,モリト,東証1部
9842,アークランド,東証1部
9843,ニトリHD,東証1部
9843,ニトリHD,札証
9845,パーカー,東証2部
9846,天満屋ス,東証2部
9849,共同紙,JQスタンダード
9850,グルメ杵屋,東証1部
9852,CBグループ,JQスタンダード
9853,ルノアール,JQスタンダード
9854,愛眼,東証1部
9856,ケーユーHD,東証1部
9857,英和,東証2部
9861,吉野家HD,東証1部
9866,マルキョウ,福証
9867,ソレキア,JQスタンダード
9869,加藤産業,東証1部
9872,北恵,東証2部
9873,日本KFC,東証2部
9876,コックス,JQスタンダード
9878,セキド,東証2部
9880,イノテック,東証1部
9882,イエローハット,東証1部
9885,シャルレ,東証2部
9887,松屋フーズ,東証1部
9888,UEX,JQスタンダード
9889,JBCCHD,東証1部
9890,マキヤ,JQスタンダード
9895,コンセック,JQスタンダード
9896,JKHD,東証1部
9899,ジョリパスタ,東証2部
9900,サガミチェン,東証1部
9902,日伝,東証1部
9903,カンセキ,JQスタンダード
9904,ベリテ,東証2部
9906,藤井産,JQスタンダード
9908,日電計,JQスタンダード
9909,愛光電,JQスタンダード
9913,日邦産,JQスタンダード
9914,植松商,JQスタンダード
9919,関西スパ,東証1部
9927,ワットマン,JQスタンダード
9928,ミロク情報,東証1部
9929,平和紙,東証2部
9930,北沢産,東証1部
9932,杉本商,東証1部
9934,因幡電産,東証1部
9936,王将フード,東証1部
9941,太洋物,JQスタンダード
9942,ジョイフル,福証
9943,ココス,JQスタンダード
9945,プレナス,東証1部
9946,ミニストップ,東証1部
9948,アークス,東証1部
9948,アークス,札証
9950,ハチバン,JQスタンダード
9955,ヨンキュウ,JQスタンダード
9956,バローHD,東証1部
9957,バイテックHD,東証1部
9959,アシードHD,東証2部
9960,東テク,東証2部
9962,ミスミG,東証1部
9964,アイ･テック,JQスタンダード
9966,藤久,東証1部
9967,堺商事,東証2部
9969,ショクブン,東証2部
9972,アルテック,東証1部
9973,小僧寿し,JQスタンダード
9974,ベルク,東証1部
9976,セキチュー,JQスタンダード
9977,アオキスーパー,JQスタンダード
9978,文教堂HD,JQスタンダード
9979,大庄,東証1部
9980,マルコ,東証2部
9982,タキヒヨー,東証1部
9983,ファーストリテイ,東証1部
9984,ソフトバンクG,東証1部
9986,蔵王産業,東証1部
9987,スズケン,東証1部
9987,スズケン,札証
9989,サンドラッグ,東証1部
9990,サックスバーH,東証1部
9991,ジェコス,東証1部
9992,理研グリン,JQスタンダード
9993,ヤマザワ,東証1部
9994,やまや,東証1部
9995,イーストン,東証1部
9996,サトー商会,JQスタンダード
9997,ベルーナ,東証1部
